filename,label,subtype
nev06260.jpg,0,nev
nev02338.jpg,0,nev
nev07033.jpg,0,nev
nev01104.jpg,0,nev
nev06544.jpg,0,nev
nev06799.jpg,0,nev
nev01042.jpg,0,nev
nev02765.jpg,0,nev
nev01374.jpg,0,nev
nev02418.jpg,0,nev
nev06100.jpg,0,nev
nev00504.jpg,0,nev
nev01394.jpg,0,nev
nev00880.jpg,0,nev
nev02408.jpg,0,nev
nev03304.jpg,0,nev
nev05911.jpg,0,nev
nev00602.jpg,0,nev
nev02284.jpg,0,nev
nev02517.jpg,0,nev
nev07516.jpg,0,nev
nev07240.jpg,0,nev
nev01375.jpg,0,nev
nev03905.jpg,0,nev
nev04783.jpg,0,nev
nev03935.jpg,0,nev
nev03071.jpg,0,nev
nev01003.jpg,0,nev
nev07173.jpg,0,nev
nev04802.jpg,0,nev
nev04360.jpg,0,nev
nev04425.jpg,0,nev
nev00648.jpg,0,nev
nev00790.jpg,0,nev
nev05059.jpg,0,nev
nev05020.jpg,0,nev
nev01966.jpg,0,nev
nev03622.jpg,0,nev
nev00038.jpg,0,nev
nev05975.jpg,0,nev
nev03870.jpg,0,nev
nev06936.jpg,0,nev
nev02211.jpg,0,nev
nev07229.jpg,0,nev
nev00544.jpg,0,nev
nev04191.jpg,0,nev
nev00510.jpg,0,nev
nev04205.jpg,0,nev
nev06146.jpg,0,nev
nev01452.jpg,0,nev
nev04743.jpg,0,nev
nev02319.jpg,0,nev
nev06913.jpg,0,nev
nev03367.jpg,0,nev
nev00683.jpg,0,nev
nev04817.jpg,0,nev
nev05974.jpg,0,nev
nev01484.jpg,0,nev
nev04127.jpg,0,nev
nev06786.jpg,0,nev
nev01254.jpg,0,nev
nev02376.jpg,0,nev
nev00133.jpg,0,nev
nev00231.jpg,0,nev
nev04962.jpg,0,nev
nev07224.jpg,0,nev
nev00738.jpg,0,nev
nev05633.jpg,0,nev
nev05494.jpg,0,nev
nev05009.jpg,0,nev
nev02440.jpg,0,nev
nev02993.jpg,0,nev
nev01917.jpg,0,nev
nev02719.jpg,0,nev
nev06347.jpg,0,nev
nev05063.jpg,0,nev
nev07450.jpg,0,nev
nev06439.jpg,0,nev
nev04679.jpg,0,nev
nev00096.jpg,0,nev
nev07452.jpg,0,nev
nev01515.jpg,0,nev
nev07672.jpg,0,nev
nev01282.jpg,0,nev
nev01264.jpg,0,nev
nev02472.jpg,0,nev
nev05258.jpg,0,nev
nev00024.jpg,0,nev
nev00264.jpg,0,nev
nev00737.jpg,0,nev
nev00252.jpg,0,nev
nev02535.jpg,0,nev
nev06271.jpg,0,nev
nev02978.jpg,0,nev
nev01559.jpg,0,nev
nev01453.jpg,0,nev
nev06122.jpg,0,nev
nev01756.jpg,0,nev
nev02496.jpg,0,nev
nev00223.jpg,0,nev
nev00430.jpg,0,nev
nev00519.jpg,0,nev
nev00712.jpg,0,nev
nev04727.jpg,0,nev
nev04102.jpg,0,nev
nev01563.jpg,0,nev
nev05434.jpg,0,nev
nev06850.jpg,0,nev
nev03400.jpg,0,nev
nev05787.jpg,0,nev
nev06219.jpg,0,nev
nev04218.jpg,0,nev
nev03356.jpg,0,nev
nev03833.jpg,0,nev
nev06035.jpg,0,nev
nev05396.jpg,0,nev
nev06152.jpg,0,nev
nev07706.jpg,0,nev
nev05782.jpg,0,nev
nev04776.jpg,0,nev
nev00473.jpg,0,nev
nev05864.jpg,0,nev
nev05775.jpg,0,nev
nev07068.jpg,0,nev
nev07107.jpg,0,nev
nev00454.jpg,0,nev
nev02302.jpg,0,nev
nev06048.jpg,0,nev
nev00066.jpg,0,nev
nev05839.jpg,0,nev
nev02273.jpg,0,nev
nev03460.jpg,0,nev
nev06371.jpg,0,nev
nev04011.jpg,0,nev
nev03007.jpg,0,nev
nev00319.jpg,0,nev
nev06268.jpg,0,nev
nev04665.jpg,0,nev
nev02848.jpg,0,nev
nev00539.jpg,0,nev
nev03482.jpg,0,nev
nev01177.jpg,0,nev
nev02025.jpg,0,nev
nev06748.jpg,0,nev
nev05126.jpg,0,nev
nev03086.jpg,0,nev
nev01169.jpg,0,nev
nev01058.jpg,0,nev
nev07230.jpg,0,nev
nev04629.jpg,0,nev
nev06759.jpg,0,nev
nev06210.jpg,0,nev
nev02111.jpg,0,nev
nev06973.jpg,0,nev
nev04054.jpg,0,nev
nev03627.jpg,0,nev
nev01851.jpg,0,nev
nev01721.jpg,0,nev
nev07118.jpg,0,nev
nev02179.jpg,0,nev
nev04656.jpg,0,nev
nev03072.jpg,0,nev
nev05965.jpg,0,nev
nev04057.jpg,0,nev
nev05867.jpg,0,nev
nev02133.jpg,0,nev
nev03847.jpg,0,nev
nev03149.jpg,0,nev
nev05843.jpg,0,nev
nev03612.jpg,0,nev
nev01329.jpg,0,nev
nev03972.jpg,0,nev
nev04274.jpg,0,nev
nev02620.jpg,0,nev
nev05293.jpg,0,nev
nev00859.jpg,0,nev
nev04512.jpg,0,nev
nev06378.jpg,0,nev
nev02134.jpg,0,nev
nev05577.jpg,0,nev
nev06430.jpg,0,nev
nev03981.jpg,0,nev
nev05217.jpg,0,nev
nev02828.jpg,0,nev
nev01916.jpg,0,nev
nev02996.jpg,0,nev
nev00867.jpg,0,nev
nev05671.jpg,0,nev
nev05034.jpg,0,nev
nev01619.jpg,0,nev
nev07446.jpg,0,nev
nev02184.jpg,0,nev
nev03923.jpg,0,nev
nev03341.jpg,0,nev
nev06238.jpg,0,nev
nev04418.jpg,0,nev
nev00102.jpg,0,nev
nev04372.jpg,0,nev
nev04767.jpg,0,nev
nev04558.jpg,0,nev
nev07415.jpg,0,nev
nev05560.jpg,0,nev
nev02514.jpg,0,nev
nev00587.jpg,0,nev
nev02759.jpg,0,nev
nev02198.jpg,0,nev
nev05254.jpg,0,nev
nev04047.jpg,0,nev
nev05556.jpg,0,nev
nev04478.jpg,0,nev
nev00458.jpg,0,nev
nev04943.jpg,0,nev
nev02771.jpg,0,nev
nev04160.jpg,0,nev
nev07543.jpg,0,nev
nev04575.jpg,0,nev
nev03909.jpg,0,nev
nev07610.jpg,0,nev
nev02303.jpg,0,nev
nev00062.jpg,0,nev
nev07612.jpg,0,nev
nev04857.jpg,0,nev
nev01784.jpg,0,nev
nev06012.jpg,0,nev
nev02998.jpg,0,nev
nev01262.jpg,0,nev
nev05860.jpg,0,nev
nev07289.jpg,0,nev
nev03937.jpg,0,nev
nev03291.jpg,0,nev
nev03938.jpg,0,nev
nev04664.jpg,0,nev
nev00801.jpg,0,nev
nev06496.jpg,0,nev
nev00677.jpg,0,nev
nev03412.jpg,0,nev
nev01871.jpg,0,nev
nev00774.jpg,0,nev
nev06526.jpg,0,nev
nev06792.jpg,0,nev
nev05519.jpg,0,nev
nev05104.jpg,0,nev
nev03077.jpg,0,nev
nev01384.jpg,0,nev
nev02099.jpg,0,nev
nev06742.jpg,0,nev
nev02654.jpg,0,nev
nev06672.jpg,0,nev
nev04276.jpg,0,nev
nev02183.jpg,0,nev
nev02760.jpg,0,nev
nev05814.jpg,0,nev
nev01216.jpg,0,nev
nev02524.jpg,0,nev
nev02021.jpg,0,nev
nev02624.jpg,0,nev
nev01818.jpg,0,nev
nev07058.jpg,0,nev
nev00997.jpg,0,nev
nev00080.jpg,0,nev
nev04229.jpg,0,nev
nev07592.jpg,0,nev
nev02209.jpg,0,nev
nev06687.jpg,0,nev
nev01243.jpg,0,nev
nev07260.jpg,0,nev
nev02813.jpg,0,nev
nev07114.jpg,0,nev
nev04267.jpg,0,nev
nev00684.jpg,0,nev
nev01075.jpg,0,nev
nev04103.jpg,0,nev
nev03048.jpg,0,nev
nev07444.jpg,0,nev
nev05278.jpg,0,nev
nev07218.jpg,0,nev
nev01298.jpg,0,nev
nev00466.jpg,0,nev
nev03541.jpg,0,nev
nev05946.jpg,0,nev
nev03246.jpg,0,nev
nev04415.jpg,0,nev
nev02985.jpg,0,nev
nev03438.jpg,0,nev
nev05648.jpg,0,nev
nev02586.jpg,0,nev
nev03476.jpg,0,nev
nev02482.jpg,0,nev
nev01047.jpg,0,nev
nev00170.jpg,0,nev
nev04862.jpg,0,nev
nev02064.jpg,0,nev
nev04085.jpg,0,nev
nev01545.jpg,0,nev
nev00626.jpg,0,nev
nev00335.jpg,0,nev
nev05705.jpg,0,nev
nev05133.jpg,0,nev
nev06164.jpg,0,nev
nev05046.jpg,0,nev
nev06916.jpg,0,nev
nev00320.jpg,0,nev
nev04673.jpg,0,nev
nev07436.jpg,0,nev
nev04517.jpg,0,nev
nev04961.jpg,0,nev
nev01953.jpg,0,nev
nev01023.jpg,0,nev
nev00743.jpg,0,nev
nev06365.jpg,0,nev
nev05389.jpg,0,nev
nev02390.jpg,0,nev
nev06517.jpg,0,nev
nev07188.jpg,0,nev
nev00749.jpg,0,nev
nev01198.jpg,0,nev
nev03435.jpg,0,nev
nev00555.jpg,0,nev
nev06680.jpg,0,nev
nev02489.jpg,0,nev
nev03051.jpg,0,nev
nev02352.jpg,0,nev
nev02424.jpg,0,nev
nev01516.jpg,0,nev
nev06013.jpg,0,nev
nev01666.jpg,0,nev
nev04710.jpg,0,nev
nev04620.jpg,0,nev
nev04772.jpg,0,nev
nev06334.jpg,0,nev
nev02466.jpg,0,nev
nev01176.jpg,0,nev
nev02655.jpg,0,nev
nev02234.jpg,0,nev
nev06857.jpg,0,nev
nev04898.jpg,0,nev
nev07349.jpg,0,nev
nev05564.jpg,0,nev
nev06252.jpg,0,nev
nev05771.jpg,0,nev
nev01872.jpg,0,nev
nev05372.jpg,0,nev
nev00713.jpg,0,nev
nev07412.jpg,0,nev
nev07661.jpg,0,nev
nev03108.jpg,0,nev
nev01859.jpg,0,nev
nev04249.jpg,0,nev
nev02185.jpg,0,nev
nev03784.jpg,0,nev
nev06543.jpg,0,nev
nev03102.jpg,0,nev
nev01200.jpg,0,nev
nev06388.jpg,0,nev
nev01730.jpg,0,nev
nev05075.jpg,0,nev
nev02329.jpg,0,nev
nev03342.jpg,0,nev
nev06484.jpg,0,nev
nev03310.jpg,0,nev
nev04509.jpg,0,nev
nev05777.jpg,0,nev
nev02642.jpg,0,nev
nev03465.jpg,0,nev
nev03810.jpg,0,nev
nev02511.jpg,0,nev
nev07026.jpg,0,nev
nev04561.jpg,0,nev
nev00857.jpg,0,nev
nev00734.jpg,0,nev
nev01026.jpg,0,nev
nev00240.jpg,0,nev
nev02108.jpg,0,nev
nev00409.jpg,0,nev
nev03397.jpg,0,nev
nev05913.jpg,0,nev
nev01663.jpg,0,nev
nev06030.jpg,0,nev
nev05741.jpg,0,nev
nev04864.jpg,0,nev
nev02032.jpg,0,nev
nev00178.jpg,0,nev
nev03353.jpg,0,nev
nev03530.jpg,0,nev
nev07258.jpg,0,nev
nev00333.jpg,0,nev
nev03837.jpg,0,nev
nev07129.jpg,0,nev
nev04141.jpg,0,nev
nev04289.jpg,0,nev
nev01413.jpg,0,nev
nev06095.jpg,0,nev
nev01833.jpg,0,nev
nev02200.jpg,0,nev
nev03186.jpg,0,nev
nev02447.jpg,0,nev
nev03456.jpg,0,nev
nev03850.jpg,0,nev
nev02277.jpg,0,nev
nev02550.jpg,0,nev
nev04540.jpg,0,nev
nev04075.jpg,0,nev
nev02837.jpg,0,nev
nev03690.jpg,0,nev
nev05644.jpg,0,nev
nev04507.jpg,0,nev
nev05511.jpg,0,nev
nev02964.jpg,0,nev
nev05502.jpg,0,nev
nev06871.jpg,0,nev
nev00958.jpg,0,nev
nev05000.jpg,0,nev
nev06316.jpg,0,nev
nev01331.jpg,0,nev
nev01881.jpg,0,nev
nev03962.jpg,0,nev
nev05703.jpg,0,nev
nev06006.jpg,0,nev
nev02700.jpg,0,nev
nev04142.jpg,0,nev
nev01927.jpg,0,nev
nev07187.jpg,0,nev
nev00545.jpg,0,nev
nev00488.jpg,0,nev
nev03559.jpg,0,nev
nev03211.jpg,0,nev
nev02664.jpg,0,nev
nev02035.jpg,0,nev
nev03318.jpg,0,nev
nev04295.jpg,0,nev
nev00909.jpg,0,nev
nev06613.jpg,0,nev
nev03026.jpg,0,nev
nev02070.jpg,0,nev
nev03553.jpg,0,nev
nev03155.jpg,0,nev
nev00350.jpg,0,nev
nev01426.jpg,0,nev
nev04061.jpg,0,nev
nev06694.jpg,0,nev
nev00042.jpg,0,nev
nev06438.jpg,0,nev
nev05767.jpg,0,nev
nev05533.jpg,0,nev
nev07327.jpg,0,nev
nev02095.jpg,0,nev
nev03657.jpg,0,nev
nev06453.jpg,0,nev
nev00218.jpg,0,nev
nev00186.jpg,0,nev
nev03775.jpg,0,nev
nev05266.jpg,0,nev
nev00966.jpg,0,nev
nev04815.jpg,0,nev
nev03863.jpg,0,nev
nev00394.jpg,0,nev
nev05408.jpg,0,nev
nev05713.jpg,0,nev
nev01913.jpg,0,nev
nev02261.jpg,0,nev
nev06880.jpg,0,nev
nev00088.jpg,0,nev
nev02898.jpg,0,nev
nev03825.jpg,0,nev
nev00933.jpg,0,nev
nev04140.jpg,0,nev
nev03915.jpg,0,nev
nev03618.jpg,0,nev
nev01062.jpg,0,nev
nev03144.jpg,0,nev
nev03919.jpg,0,nev
nev03442.jpg,0,nev
nev02446.jpg,0,nev
nev01371.jpg,0,nev
nev03615.jpg,0,nev
nev00258.jpg,0,nev
nev03796.jpg,0,nev
nev07176.jpg,0,nev
nev02583.jpg,0,nev
nev06024.jpg,0,nev
nev01316.jpg,0,nev
nev01555.jpg,0,nev
nev04152.jpg,0,nev
nev01288.jpg,0,nev
nev06789.jpg,0,nev
nev02493.jpg,0,nev
nev00497.jpg,0,nev
nev07296.jpg,0,nev
nev04442.jpg,0,nev
nev04648.jpg,0,nev
nev02575.jpg,0,nev
nev05378.jpg,0,nev
nev00642.jpg,0,nev
nev00234.jpg,0,nev
nev02779.jpg,0,nev
nev01006.jpg,0,nev
nev07554.jpg,0,nev
nev06715.jpg,0,nev
nev00998.jpg,0,nev
nev06729.jpg,0,nev
nev07428.jpg,0,nev
nev07528.jpg,0,nev
nev04237.jpg,0,nev
nev00744.jpg,0,nev
nev03306.jpg,0,nev
nev04167.jpg,0,nev
nev07139.jpg,0,nev
nev04479.jpg,0,nev
nev02416.jpg,0,nev
nev01043.jpg,0,nev
nev05346.jpg,0,nev
nev06899.jpg,0,nev
nev02599.jpg,0,nev
nev00382.jpg,0,nev
nev00057.jpg,0,nev
nev00070.jpg,0,nev
nev03892.jpg,0,nev
nev06058.jpg,0,nev
nev07037.jpg,0,nev
nev06671.jpg,0,nev
nev06628.jpg,0,nev
nev07396.jpg,0,nev
nev01633.jpg,0,nev
nev01222.jpg,0,nev
nev00446.jpg,0,nev
nev02120.jpg,0,nev
nev07146.jpg,0,nev
nev01707.jpg,0,nev
nev04013.jpg,0,nev
nev01624.jpg,0,nev
nev03406.jpg,0,nev
nev05744.jpg,0,nev
nev05567.jpg,0,nev
nev05164.jpg,0,nev
nev00020.jpg,0,nev
nev07097.jpg,0,nev
nev01401.jpg,0,nev
nev02479.jpg,0,nev
nev03623.jpg,0,nev
nev00577.jpg,0,nev
nev03298.jpg,0,nev
nev06735.jpg,0,nev
nev04694.jpg,0,nev
nev01732.jpg,0,nev
nev03351.jpg,0,nev
nev04185.jpg,0,nev
nev00469.jpg,0,nev
nev05433.jpg,0,nev
nev00309.jpg,0,nev
nev04255.jpg,0,nev
nev01670.jpg,0,nev
nev07510.jpg,0,nev
nev00764.jpg,0,nev
nev03721.jpg,0,nev
nev03858.jpg,0,nev
nev07287.jpg,0,nev
nev01657.jpg,0,nev
nev05653.jpg,0,nev
nev02616.jpg,0,nev
nev06356.jpg,0,nev
nev01189.jpg,0,nev
nev06780.jpg,0,nev
nev02115.jpg,0,nev
nev01323.jpg,0,nev
nev04831.jpg,0,nev
nev05341.jpg,0,nev
nev03974.jpg,0,nev
nev05307.jpg,0,nev
nev01873.jpg,0,nev
nev07517.jpg,0,nev
nev06135.jpg,0,nev
nev03699.jpg,0,nev
nev03897.jpg,0,nev
nev02334.jpg,0,nev
nev00787.jpg,0,nev
nev01546.jpg,0,nev
nev02987.jpg,0,nev
nev07623.jpg,0,nev
nev01019.jpg,0,nev
nev07478.jpg,0,nev
nev01204.jpg,0,nev
nev02339.jpg,0,nev
nev03378.jpg,0,nev
nev06624.jpg,0,nev
nev01489.jpg,0,nev
nev02689.jpg,0,nev
nev00812.jpg,0,nev
nev06634.jpg,0,nev
nev07144.jpg,0,nev
nev07703.jpg,0,nev
nev03095.jpg,0,nev
nev03533.jpg,0,nev
nev06256.jpg,0,nev
nev01088.jpg,0,nev
nev07666.jpg,0,nev
nev02933.jpg,0,nev
nev03520.jpg,0,nev
nev02516.jpg,0,nev
nev02904.jpg,0,nev
nev03718.jpg,0,nev
nev02856.jpg,0,nev
nev00707.jpg,0,nev
nev03572.jpg,0,nev
nev02938.jpg,0,nev
nev03239.jpg,0,nev
nev02615.jpg,0,nev
nev03817.jpg,0,nev
nev00051.jpg,0,nev
nev05304.jpg,0,nev
nev00246.jpg,0,nev
nev04424.jpg,0,nev
nev03876.jpg,0,nev
nev02577.jpg,0,nev
nev07441.jpg,0,nev
nev05019.jpg,0,nev
nev03940.jpg,0,nev
nev05621.jpg,0,nev
nev02399.jpg,0,nev
nev05101.jpg,0,nev
nev07310.jpg,0,nev
nev03092.jpg,0,nev
nev06810.jpg,0,nev
nev02657.jpg,0,nev
nev01035.jpg,0,nev
nev04506.jpg,0,nev
nev00322.jpg,0,nev
nev01534.jpg,0,nev
nev05273.jpg,0,nev
nev04002.jpg,0,nev
nev05024.jpg,0,nev
nev07316.jpg,0,nev
nev03255.jpg,0,nev
nev07605.jpg,0,nev
nev04826.jpg,0,nev
nev03471.jpg,0,nev
nev07161.jpg,0,nev
nev05205.jpg,0,nev
nev00995.jpg,0,nev
nev02346.jpg,0,nev
nev01562.jpg,0,nev
nev06411.jpg,0,nev
nev05448.jpg,0,nev
nev01567.jpg,0,nev
nev04197.jpg,0,nev
nev04459.jpg,0,nev
nev02834.jpg,0,nev
nev02727.jpg,0,nev
nev07359.jpg,0,nev
nev05988.jpg,0,nev
nev00928.jpg,0,nev
nev06716.jpg,0,nev
nev02651.jpg,0,nev
nev00983.jpg,0,nev
nev00436.jpg,0,nev
nev05793.jpg,0,nev
nev04073.jpg,0,nev
nev04374.jpg,0,nev
nev03013.jpg,0,nev
nev02358.jpg,0,nev
nev01386.jpg,0,nev
nev01929.jpg,0,nev
nev07542.jpg,0,nev
nev01576.jpg,0,nev
nev04953.jpg,0,nev
nev04468.jpg,0,nev
nev01884.jpg,0,nev
nev03099.jpg,0,nev
nev05680.jpg,0,nev
nev00487.jpg,0,nev
nev01245.jpg,0,nev
nev00200.jpg,0,nev
nev04101.jpg,0,nev
nev05534.jpg,0,nev
nev03568.jpg,0,nev
nev02454.jpg,0,nev
nev06632.jpg,0,nev
nev02265.jpg,0,nev
nev04895.jpg,0,nev
nev06682.jpg,0,nev
nev06900.jpg,0,nev
nev07497.jpg,0,nev
nev04899.jpg,0,nev
nev07184.jpg,0,nev
nev04797.jpg,0,nev
nev07558.jpg,0,nev
nev00355.jpg,0,nev
nev05720.jpg,0,nev
nev04190.jpg,0,nev
nev00049.jpg,0,nev
nev00643.jpg,0,nev
nev00177.jpg,0,nev
nev07580.jpg,0,nev
nev05607.jpg,0,nev
nev05330.jpg,0,nev
nev01727.jpg,0,nev
nev04709.jpg,0,nev
nev01738.jpg,0,nev
nev05608.jpg,0,nev
nev03401.jpg,0,nev
nev00092.jpg,0,nev
nev06452.jpg,0,nev
nev04871.jpg,0,nev
nev01129.jpg,0,nev
nev07689.jpg,0,nev
nev04693.jpg,0,nev
nev05461.jpg,0,nev
nev04939.jpg,0,nev
nev02573.jpg,0,nev
nev05023.jpg,0,nev
nev01045.jpg,0,nev
nev07515.jpg,0,nev
nev00107.jpg,0,nev
nev07654.jpg,0,nev
nev07454.jpg,0,nev
nev05548.jpg,0,nev
nev06498.jpg,0,nev
nev00132.jpg,0,nev
nev05774.jpg,0,nev
nev04848.jpg,0,nev
nev03182.jpg,0,nev
nev03758.jpg,0,nev
nev03001.jpg,0,nev
nev03899.jpg,0,nev
nev01427.jpg,0,nev
nev03317.jpg,0,nev
nev06991.jpg,0,nev
nev04989.jpg,0,nev
nev06499.jpg,0,nev
nev02158.jpg,0,nev
nev04356.jpg,0,nev
nev05365.jpg,0,nev
nev00695.jpg,0,nev
nev04072.jpg,0,nev
nev02698.jpg,0,nev
nev05165.jpg,0,nev
nev00168.jpg,0,nev
nev00094.jpg,0,nev
nev00368.jpg,0,nev
nev06568.jpg,0,nev
nev06654.jpg,0,nev
nev04082.jpg,0,nev
nev01296.jpg,0,nev
nev06868.jpg,0,nev
nev06709.jpg,0,nev
nev03983.jpg,0,nev
nev01010.jpg,0,nev
nev04465.jpg,0,nev
nev04240.jpg,0,nev
nev02958.jpg,0,nev
nev07168.jpg,0,nev
nev06077.jpg,0,nev
nev07254.jpg,0,nev
nev07674.jpg,0,nev
nev04594.jpg,0,nev
nev04487.jpg,0,nev
nev02250.jpg,0,nev
nev07627.jpg,0,nev
nev01570.jpg,0,nev
nev03214.jpg,0,nev
nev05289.jpg,0,nev
nev02875.jpg,0,nev
nev04437.jpg,0,nev
nev04994.jpg,0,nev
nev05654.jpg,0,nev
nev00512.jpg,0,nev
nev03716.jpg,0,nev
nev06033.jpg,0,nev
nev01650.jpg,0,nev
nev01722.jpg,0,nev
nev04583.jpg,0,nev
nev05575.jpg,0,nev
nev04520.jpg,0,nev
nev05588.jpg,0,nev
nev03247.jpg,0,nev
nev04623.jpg,0,nev
nev01056.jpg,0,nev
nev03838.jpg,0,nev
nev01973.jpg,0,nev
nev05940.jpg,0,nev
nev03015.jpg,0,nev
nev01028.jpg,0,nev
nev04036.jpg,0,nev
nev06869.jpg,0,nev
nev06889.jpg,0,nev
nev04882.jpg,0,nev
nev07702.jpg,0,nev
nev00836.jpg,0,nev
nev01018.jpg,0,nev
nev05611.jpg,0,nev
nev06836.jpg,0,nev
nev07283.jpg,0,nev
nev03998.jpg,0,nev
nev00074.jpg,0,nev
nev07660.jpg,0,nev
nev07376.jpg,0,nev
nev03746.jpg,0,nev
nev03902.jpg,0,nev
nev04018.jpg,0,nev
nev01422.jpg,0,nev
nev07092.jpg,0,nev
nev05769.jpg,0,nev
nev03197.jpg,0,nev
nev02178.jpg,0,nev
nev07366.jpg,0,nev
nev06881.jpg,0,nev
nev00180.jpg,0,nev
nev03261.jpg,0,nev
nev02307.jpg,0,nev
nev05719.jpg,0,nev
nev05332.jpg,0,nev
nev01808.jpg,0,nev
nev01173.jpg,0,nev
nev01607.jpg,0,nev
nev00032.jpg,0,nev
nev02790.jpg,0,nev
nev02742.jpg,0,nev
nev02860.jpg,0,nev
nev02522.jpg,0,nev
nev01791.jpg,0,nev
nev00169.jpg,0,nev
nev04158.jpg,0,nev
nev01079.jpg,0,nev
nev05138.jpg,0,nev
nev07008.jpg,0,nev
nev04942.jpg,0,nev
nev04757.jpg,0,nev
nev04491.jpg,0,nev
nev02267.jpg,0,nev
nev04944.jpg,0,nev
nev03828.jpg,0,nev
nev02693.jpg,0,nev
nev07636.jpg,0,nev
nev05062.jpg,0,nev
nev07334.jpg,0,nev
nev03581.jpg,0,nev
nev00829.jpg,0,nev
nev03079.jpg,0,nev
nev06313.jpg,0,nev
nev02861.jpg,0,nev
nev04863.jpg,0,nev
nev05195.jpg,0,nev
nev01566.jpg,0,nev
nev01145.jpg,0,nev
nev07211.jpg,0,nev
nev01321.jpg,0,nev
nev00027.jpg,0,nev
nev06345.jpg,0,nev
nev03200.jpg,0,nev
nev03793.jpg,0,nev
nev07299.jpg,0,nev
nev07520.jpg,0,nev
nev06063.jpg,0,nev
nev03535.jpg,0,nev
nev02677.jpg,0,nev
nev04954.jpg,0,nev
nev07546.jpg,0,nev
nev01406.jpg,0,nev
nev07493.jpg,0,nev
nev00501.jpg,0,nev
nev06704.jpg,0,nev
nev00438.jpg,0,nev
nev04031.jpg,0,nev
nev03313.jpg,0,nev
nev01769.jpg,0,nev
nev00150.jpg,0,nev
nev07382.jpg,0,nev
nev02922.jpg,0,nev
nev07585.jpg,0,nev
nev00081.jpg,0,nev
nev01147.jpg,0,nev
nev02349.jpg,0,nev
nev03468.jpg,0,nev
nev06956.jpg,0,nev
nev02930.jpg,0,nev
nev07442.jpg,0,nev
nev05236.jpg,0,nev
nev02578.jpg,0,nev
nev07429.jpg,0,nev
nev05635.jpg,0,nev
nev06054.jpg,0,nev
nev06115.jpg,0,nev
nev01883.jpg,0,nev
nev03878.jpg,0,nev
nev06246.jpg,0,nev
nev04587.jpg,0,nev
nev02886.jpg,0,nev
nev03464.jpg,0,nev
nev00535.jpg,0,nev
nev01347.jpg,0,nev
nev01076.jpg,0,nev
nev03839.jpg,0,nev
nev04265.jpg,0,nev
nev07453.jpg,0,nev
nev00586.jpg,0,nev
nev04217.jpg,0,nev
nev06745.jpg,0,nev
nev01057.jpg,0,nev
nev04413.jpg,0,nev
nev06204.jpg,0,nev
nev01946.jpg,0,nev
nev04591.jpg,0,nev
nev07719.jpg,0,nev
nev00492.jpg,0,nev
nev06426.jpg,0,nev
nev04995.jpg,0,nev
nev03290.jpg,0,nev
nev01143.jpg,0,nev
nev01967.jpg,0,nev
nev01865.jpg,0,nev
nev01804.jpg,0,nev
nev00477.jpg,0,nev
nev00853.jpg,0,nev
nev01579.jpg,0,nev
nev05614.jpg,0,nev
nev03543.jpg,0,nev
nev02747.jpg,0,nev
nev03081.jpg,0,nev
nev06087.jpg,0,nev
nev03455.jpg,0,nev
nev05194.jpg,0,nev
nev02969.jpg,0,nev
nev03128.jpg,0,nev
nev06795.jpg,0,nev
nev03146.jpg,0,nev
nev02606.jpg,0,nev
nev06121.jpg,0,nev
nev07302.jpg,0,nev
nev03916.jpg,0,nev
nev02292.jpg,0,nev
nev01616.jpg,0,nev
nev01439.jpg,0,nev
nev03396.jpg,0,nev
nev00402.jpg,0,nev
nev02796.jpg,0,nev
nev00158.jpg,0,nev
nev05088.jpg,0,nev
nev01678.jpg,0,nev
nev04457.jpg,0,nev
nev04818.jpg,0,nev
nev03382.jpg,0,nev
nev03249.jpg,0,nev
nev05431.jpg,0,nev
nev02276.jpg,0,nev
nev05600.jpg,0,nev
nev07595.jpg,0,nev
nev04966.jpg,0,nev
nev00574.jpg,0,nev
nev02891.jpg,0,nev
nev06367.jpg,0,nev
nev00697.jpg,0,nev
nev06532.jpg,0,nev
nev06384.jpg,0,nev
nev00971.jpg,0,nev
nev01403.jpg,0,nev
nev00536.jpg,0,nev
nev03188.jpg,0,nev
nev06930.jpg,0,nev
nev04169.jpg,0,nev
nev07203.jpg,0,nev
nev05850.jpg,0,nev
nev04499.jpg,0,nev
nev06940.jpg,0,nev
nev06885.jpg,0,nev
nev06059.jpg,0,nev
nev05154.jpg,0,nev
nev06457.jpg,0,nev
nev06200.jpg,0,nev
nev01303.jpg,0,nev
nev03054.jpg,0,nev
nev05352.jpg,0,nev
nev03752.jpg,0,nev
nev02888.jpg,0,nev
nev04794.jpg,0,nev
nev04604.jpg,0,nev
nev00474.jpg,0,nev
nev01845.jpg,0,nev
nev03704.jpg,0,nev
nev01887.jpg,0,nev
nev06259.jpg,0,nev
nev07154.jpg,0,nev
nev02405.jpg,0,nev
nev02629.jpg,0,nev
nev02866.jpg,0,nev
nev04081.jpg,0,nev
nev05467.jpg,0,nev
nev00470.jpg,0,nev
nev03555.jpg,0,nev
nev07389.jpg,0,nev
nev06207.jpg,0,nev
nev05585.jpg,0,nev
nev06202.jpg,0,nev
nev00248.jpg,0,nev
nev05516.jpg,0,nev
nev05014.jpg,0,nev
nev01836.jpg,0,nev
nev05823.jpg,0,nev
nev00866.jpg,0,nev
nev00762.jpg,0,nev
nev01618.jpg,0,nev
nev02413.jpg,0,nev
nev01919.jpg,0,nev
nev04920.jpg,0,nev
nev03439.jpg,0,nev
nev06667.jpg,0,nev
nev03393.jpg,0,nev
nev00426.jpg,0,nev
nev04596.jpg,0,nev
nev06124.jpg,0,nev
nev01408.jpg,0,nev
nev00229.jpg,0,nev
nev01421.jpg,0,nev
nev01085.jpg,0,nev
nev05847.jpg,0,nev
nev00018.jpg,0,nev
nev06569.jpg,0,nev
nev04867.jpg,0,nev
nev02437.jpg,0,nev
nev06649.jpg,0,nev
nev04303.jpg,0,nev
nev07085.jpg,0,nev
nev00882.jpg,0,nev
nev05147.jpg,0,nev
nev03173.jpg,0,nev
nev05991.jpg,0,nev
nev05849.jpg,0,nev
nev07333.jpg,0,nev
nev06240.jpg,0,nev
nev06399.jpg,0,nev
nev02800.jpg,0,nev
nev00059.jpg,0,nev
nev04555.jpg,0,nev
nev01164.jpg,0,nev
nev06264.jpg,0,nev
nev00097.jpg,0,nev
nev06587.jpg,0,nev
nev00961.jpg,0,nev
nev05908.jpg,0,nev
nev02318.jpg,0,nev
nev00878.jpg,0,nev
nev07019.jpg,0,nev
nev00157.jpg,0,nev
nev01840.jpg,0,nev
nev02971.jpg,0,nev
nev00612.jpg,0,nev
nev01468.jpg,0,nev
nev03425.jpg,0,nev
nev04042.jpg,0,nev
nev00448.jpg,0,nev
nev04950.jpg,0,nev
nev07044.jpg,0,nev
nev00593.jpg,0,nev
nev01512.jpg,0,nev
nev05993.jpg,0,nev
nev06434.jpg,0,nev
nev03934.jpg,0,nev
nev05187.jpg,0,nev
nev05549.jpg,0,nev
nev06472.jpg,0,nev
nev00625.jpg,0,nev
nev03617.jpg,0,nev
nev01415.jpg,0,nev
nev01560.jpg,0,nev
nev06929.jpg,0,nev
nev00757.jpg,0,nev
nev03665.jpg,0,nev
nev01733.jpg,0,nev
nev07578.jpg,0,nev
nev06320.jpg,0,nev
nev04539.jpg,0,nev
nev02914.jpg,0,nev
nev05503.jpg,0,nev
nev01278.jpg,0,nev
nev03654.jpg,0,nev
nev00765.jpg,0,nev
nev07077.jpg,0,nev
nev07665.jpg,0,nev
nev05201.jpg,0,nev
nev01430.jpg,0,nev
nev07476.jpg,0,nev
nev01025.jpg,0,nev
nev02749.jpg,0,nev
nev00753.jpg,0,nev
nev00352.jpg,0,nev
nev04878.jpg,0,nev
nev03835.jpg,0,nev
nev05809.jpg,0,nev
nev05776.jpg,0,nev
nev04327.jpg,0,nev
nev05724.jpg,0,nev
nev02851.jpg,0,nev
nev00562.jpg,0,nev
nev01502.jpg,0,nev
nev04510.jpg,0,nev
nev03114.jpg,0,nev
nev05986.jpg,0,nev
nev02520.jpg,0,nev
nev01048.jpg,0,nev
nev02081.jpg,0,nev
nev01979.jpg,0,nev
nev02289.jpg,0,nev
nev07323.jpg,0,nev
nev04026.jpg,0,nev
nev01785.jpg,0,nev
nev04394.jpg,0,nev
nev04560.jpg,0,nev
nev06762.jpg,0,nev
nev01481.jpg,0,nev
nev06215.jpg,0,nev
nev06141.jpg,0,nev
nev07047.jpg,0,nev
nev00843.jpg,0,nev
nev01594.jpg,0,nev
nev02847.jpg,0,nev
nev06293.jpg,0,nev
nev03354.jpg,0,nev
nev01508.jpg,0,nev
nev04624.jpg,0,nev
nev01783.jpg,0,nev
nev05163.jpg,0,nev
nev05489.jpg,0,nev
nev00379.jpg,0,nev
nev06804.jpg,0,nev
nev05207.jpg,0,nev
nev02037.jpg,0,nev
nev03275.jpg,0,nev
nev05050.jpg,0,nev
nev04814.jpg,0,nev
nev04616.jpg,0,nev
nev04825.jpg,0,nev
nev05752.jpg,0,nev
nev05783.jpg,0,nev
nev05203.jpg,0,nev
nev04051.jpg,0,nev
nev05919.jpg,0,nev
nev04708.jpg,0,nev
nev02927.jpg,0,nev
nev07217.jpg,0,nev
nev03165.jpg,0,nev
nev03782.jpg,0,nev
nev06154.jpg,0,nev
nev05473.jpg,0,nev
nev07435.jpg,0,nev
nev06998.jpg,0,nev
nev04865.jpg,0,nev
nev00548.jpg,0,nev
nev05018.jpg,0,nev
nev07346.jpg,0,nev
nev02707.jpg,0,nev
nev00173.jpg,0,nev
nev03358.jpg,0,nev
nev03308.jpg,0,nev
nev04830.jpg,0,nev
nev02407.jpg,0,nev
nev06448.jpg,0,nev
nev07715.jpg,0,nev
nev04716.jpg,0,nev
nev05264.jpg,0,nev
nev02527.jpg,0,nev
nev04106.jpg,0,nev
nev06419.jpg,0,nev
nev03786.jpg,0,nev
nev01039.jpg,0,nev
nev00324.jpg,0,nev
nev05670.jpg,0,nev
nev02593.jpg,0,nev
nev02113.jpg,0,nev
nev00894.jpg,0,nev
nev06919.jpg,0,nev
nev05518.jpg,0,nev
nev00325.jpg,0,nev
nev04775.jpg,0,nev
nev04916.jpg,0,nev
nev04378.jpg,0,nev
nev07030.jpg,0,nev
nev04835.jpg,0,nev
nev01130.jpg,0,nev
nev03177.jpg,0,nev
nev04450.jpg,0,nev
nev06251.jpg,0,nev
nev05407.jpg,0,nev
nev01194.jpg,0,nev
nev04742.jpg,0,nev
nev00209.jpg,0,nev
nev00748.jpg,0,nev
nev01488.jpg,0,nev
nev00799.jpg,0,nev
nev00089.jpg,0,nev
nev00735.jpg,0,nev
nev04488.jpg,0,nev
nev01898.jpg,0,nev
nev01175.jpg,0,nev
nev04681.jpg,0,nev
nev05002.jpg,0,nev
nev01154.jpg,0,nev
nev00199.jpg,0,nev
nev02663.jpg,0,nev
nev03204.jpg,0,nev
nev01098.jpg,0,nev
nev00549.jpg,0,nev
nev05628.jpg,0,nev
nev07508.jpg,0,nev
nev04263.jpg,0,nev
nev03022.jpg,0,nev
nev04329.jpg,0,nev
nev01503.jpg,0,nev
nev07079.jpg,0,nev
nev03470.jpg,0,nev
nev05315.jpg,0,nev
nev06327.jpg,0,nev
nev05196.jpg,0,nev
nev04984.jpg,0,nev
nev07048.jpg,0,nev
nev06497.jpg,0,nev
nev01980.jpg,0,nev
nev00938.jpg,0,nev
nev04447.jpg,0,nev
nev02485.jpg,0,nev
nev01510.jpg,0,nev
nev01609.jpg,0,nev
nev05702.jpg,0,nev
nev04598.jpg,0,nev
nev05694.jpg,0,nev
nev04355.jpg,0,nev
nev03479.jpg,0,nev
nev04088.jpg,0,nev
nev06572.jpg,0,nev
nev00621.jpg,0,nev
nev06591.jpg,0,nev
nev07725.jpg,0,nev
nev04086.jpg,0,nev
nev06718.jpg,0,nev
nev00479.jpg,0,nev
nev01741.jpg,0,nev
nev05463.jpg,0,nev
nev05543.jpg,0,nev
nev06852.jpg,0,nev
nev07166.jpg,0,nev
nev07122.jpg,0,nev
nev01034.jpg,0,nev
nev06790.jpg,0,nev
nev00287.jpg,0,nev
nev00551.jpg,0,nev
nev02544.jpg,0,nev
nev03980.jpg,0,nev
nev02795.jpg,0,nev
nev06841.jpg,0,nev
nev02253.jpg,0,nev
nev02743.jpg,0,nev
nev02846.jpg,0,nev
nev02019.jpg,0,nev
nev05366.jpg,0,nev
nev05529.jpg,0,nev
nev02023.jpg,0,nev
nev02699.jpg,0,nev
nev06728.jpg,0,nev
nev07534.jpg,0,nev
nev06274.jpg,0,nev
nev02030.jpg,0,nev
nev03821.jpg,0,nev
nev04025.jpg,0,nev
nev01863.jpg,0,nev
nev03164.jpg,0,nev
nev06884.jpg,0,nev
nev03461.jpg,0,nev
nev05712.jpg,0,nev
nev00702.jpg,0,nev
nev04467.jpg,0,nev
nev04668.jpg,0,nev
nev07027.jpg,0,nev
nev04076.jpg,0,nev
nev07325.jpg,0,nev
nev01776.jpg,0,nev
nev02311.jpg,0,nev
nev01336.jpg,0,nev
nev00834.jpg,0,nev
nev01644.jpg,0,nev
nev03008.jpg,0,nev
nev00550.jpg,0,nev
nev01021.jpg,0,nev
nev00249.jpg,0,nev
nev01407.jpg,0,nev
nev00297.jpg,0,nev
nev05077.jpg,0,nev
nev01455.jpg,0,nev
nev05492.jpg,0,nev
nev04547.jpg,0,nev
nev00101.jpg,0,nev
nev04462.jpg,0,nev
nev03444.jpg,0,nev
nev04858.jpg,0,nev
nev07196.jpg,0,nev
nev04314.jpg,0,nev
nev04003.jpg,0,nev
nev06092.jpg,0,nev
nev02119.jpg,0,nev
nev01993.jpg,0,nev
nev05857.jpg,0,nev
nev00347.jpg,0,nev
nev06299.jpg,0,nev
nev03245.jpg,0,nev
nev04349.jpg,0,nev
nev00682.jpg,0,nev
nev04324.jpg,0,nev
nev03488.jpg,0,nev
nev03519.jpg,0,nev
nev02690.jpg,0,nev
nev03096.jpg,0,nev
nev01314.jpg,0,nev
nev07425.jpg,0,nev
nev04354.jpg,0,nev
nev07201.jpg,0,nev
nev05559.jpg,0,nev
nev01182.jpg,0,nev
nev07380.jpg,0,nev
nev01353.jpg,0,nev
nev02305.jpg,0,nev
nev03880.jpg,0,nev
nev07387.jpg,0,nev
nev04336.jpg,0,nev
nev01322.jpg,0,nev
nev06390.jpg,0,nev
nev00085.jpg,0,nev
nev05650.jpg,0,nev
nev04429.jpg,0,nev
nev05682.jpg,0,nev
nev02125.jpg,0,nev
nev02761.jpg,0,nev
nev00419.jpg,0,nev
nev03945.jpg,0,nev
nev03321.jpg,0,nev
nev03018.jpg,0,nev
nev03800.jpg,0,nev
nev05381.jpg,0,nev
nev03222.jpg,0,nev
nev05643.jpg,0,nev
nev05859.jpg,0,nev
nev06359.jpg,0,nev
nev03594.jpg,0,nev
nev07282.jpg,0,nev
nev02499.jpg,0,nev
nev01150.jpg,0,nev
nev07328.jpg,0,nev
nev05684.jpg,0,nev
nev04093.jpg,0,nev
nev06201.jpg,0,nev
nev05840.jpg,0,nev
nev05242.jpg,0,nev
nev06627.jpg,0,nev
nev02967.jpg,0,nev
nev06625.jpg,0,nev
nev05888.jpg,0,nev
nev01955.jpg,0,nev
nev05935.jpg,0,nev
nev04964.jpg,0,nev
nev05944.jpg,0,nev
nev03818.jpg,0,nev
nev05357.jpg,0,nev
nev00374.jpg,0,nev
nev04976.jpg,0,nev
nev05578.jpg,0,nev
nev07388.jpg,0,nev
nev07667.jpg,0,nev
nev04234.jpg,0,nev
nev07221.jpg,0,nev
nev04304.jpg,0,nev
nev03003.jpg,0,nev
nev04181.jpg,0,nev
nev02143.jpg,0,nev
nev07524.jpg,0,nev
nev04595.jpg,0,nev
nev01794.jpg,0,nev
nev00813.jpg,0,nev
nev01536.jpg,0,nev
nev01376.jpg,0,nev
nev06685.jpg,0,nev
nev04087.jpg,0,nev
nev02679.jpg,0,nev
nev01821.jpg,0,nev
nev01651.jpg,0,nev
nev01466.jpg,0,nev
nev04402.jpg,0,nev
nev06619.jpg,0,nev
nev00922.jpg,0,nev
nev00323.jpg,0,nev
nev02723.jpg,0,nev
nev02224.jpg,0,nev
nev05973.jpg,0,nev
nev07457.jpg,0,nev
nev03540.jpg,0,nev
nev02226.jpg,0,nev
nev01889.jpg,0,nev
nev03380.jpg,0,nev
nev00232.jpg,0,nev
nev07705.jpg,0,nev
nev01704.jpg,0,nev
nev04285.jpg,0,nev
nev01080.jpg,0,nev
nev03134.jpg,0,nev
nev01116.jpg,0,nev
nev06508.jpg,0,nev
nev05640.jpg,0,nev
nev02174.jpg,0,nev
nev06831.jpg,0,nev
nev02192.jpg,0,nev
nev07149.jpg,0,nev
nev01812.jpg,0,nev
nev05342.jpg,0,nev
nev03083.jpg,0,nev
nev06865.jpg,0,nev
nev03506.jpg,0,nev
nev05915.jpg,0,nev
nev05921.jpg,0,nev
nev04891.jpg,0,nev
nev04527.jpg,0,nev
nev05999.jpg,0,nev
nev01671.jpg,0,nev
nev02652.jpg,0,nev
nev07336.jpg,0,nev
nev00266.jpg,0,nev
nev00001.jpg,0,nev
nev03551.jpg,0,nev
nev07480.jpg,0,nev
nev00839.jpg,0,nev
nev00015.jpg,0,nev
nev05695.jpg,0,nev
nev06811.jpg,0,nev
nev01431.jpg,0,nev
nev03732.jpg,0,nev
nev00009.jpg,0,nev
nev03348.jpg,0,nev
nev02089.jpg,0,nev
nev01040.jpg,0,nev
nev06573.jpg,0,nev
nev05824.jpg,0,nev
nev04913.jpg,0,nev
nev03024.jpg,0,nev
nev03419.jpg,0,nev
nev00340.jpg,0,nev
nev00122.jpg,0,nev
nev07013.jpg,0,nev
nev02604.jpg,0,nev
nev01091.jpg,0,nev
nev05229.jpg,0,nev
nev01373.jpg,0,nev
nev02756.jpg,0,nev
nev01318.jpg,0,nev
nev00623.jpg,0,nev
nev01420.jpg,0,nev
nev07684.jpg,0,nev
nev07467.jpg,0,nev
nev01731.jpg,0,nev
nev01617.jpg,0,nev
nev01906.jpg,0,nev
nev06999.jpg,0,nev
nev01411.jpg,0,nev
nev06686.jpg,0,nev
nev04820.jpg,0,nev
nev00890.jpg,0,nev
nev05456.jpg,0,nev
nev06862.jpg,0,nev
nev01935.jpg,0,nev
nev07611.jpg,0,nev
nev00197.jpg,0,nev
nev04386.jpg,0,nev
nev00416.jpg,0,nev
nev01635.jpg,0,nev
nev06965.jpg,0,nev
nev04501.jpg,0,nev
nev00433.jpg,0,nev
nev02645.jpg,0,nev
nev02518.jpg,0,nev
nev06713.jpg,0,nev
nev03299.jpg,0,nev
nev01965.jpg,0,nev
nev01109.jpg,0,nev
nev05427.jpg,0,nev
nev07553.jpg,0,nev
nev06093.jpg,0,nev
nev02264.jpg,0,nev
nev06733.jpg,0,nev
nev06038.jpg,0,nev
nev01196.jpg,0,nev
nev04752.jpg,0,nev
nev04717.jpg,0,nev
nev00605.jpg,0,nev
nev03323.jpg,0,nev
nev01920.jpg,0,nev
nev01220.jpg,0,nev
nev02949.jpg,0,nev
nev02458.jpg,0,nev
nev03296.jpg,0,nev
nev04940.jpg,0,nev
nev05158.jpg,0,nev
nev07548.jpg,0,nev
nev05380.jpg,0,nev
nev01596.jpg,0,nev
nev01159.jpg,0,nev
nev05791.jpg,0,nev
nev03626.jpg,0,nev
nev06070.jpg,0,nev
nev04933.jpg,0,nev
nev02355.jpg,0,nev
nev05092.jpg,0,nev
nev01759.jpg,0,nev
nev03166.jpg,0,nev
nev02288.jpg,0,nev
nev07355.jpg,0,nev
nev05838.jpg,0,nev
nev00905.jpg,0,nev
nev01447.jpg,0,nev
nev07248.jpg,0,nev
nev05010.jpg,0,nev
nev02534.jpg,0,nev
nev03873.jpg,0,nev
nev06600.jpg,0,nev
nev03768.jpg,0,nev
nev03995.jpg,0,nev
nev04175.jpg,0,nev
nev04690.jpg,0,nev
nev03807.jpg,0,nev
nev02127.jpg,0,nev
nev02230.jpg,0,nev
nev04503.jpg,0,nev
nev02139.jpg,0,nev
nev05558.jpg,0,nev
nev03652.jpg,0,nev
nev04148.jpg,0,nev
nev03035.jpg,0,nev
nev03978.jpg,0,nev
nev00255.jpg,0,nev
nev03621.jpg,0,nev
nev06139.jpg,0,nev
nev00222.jpg,0,nev
nev00268.jpg,0,nev
nev00108.jpg,0,nev
nev04554.jpg,0,nev
nev01227.jpg,0,nev
nev05504.jpg,0,nev
nev06351.jpg,0,nev
nev01513.jpg,0,nev
nev01868.jpg,0,nev
nev01673.jpg,0,nev
nev00304.jpg,0,nev
nev01895.jpg,0,nev
nev01719.jpg,0,nev
nev04292.jpg,0,nev
nev01211.jpg,0,nev
nev01941.jpg,0,nev
nev07010.jpg,0,nev
nev02868.jpg,0,nev
nev01437.jpg,0,nev
nev02459.jpg,0,nev
nev03743.jpg,0,nev
nev00377.jpg,0,nev
nev04764.jpg,0,nev
nev00756.jpg,0,nev
nev00292.jpg,0,nev
nev07683.jpg,0,nev
nev01544.jpg,0,nev
nev07490.jpg,0,nev
nev00189.jpg,0,nev
nev06406.jpg,0,nev
nev01202.jpg,0,nev
nev05107.jpg,0,nev
nev07206.jpg,0,nev
nev01537.jpg,0,nev
nev03707.jpg,0,nev
nev06023.jpg,0,nev
nev00502.jpg,0,nev
nev02252.jpg,0,nev
nev02887.jpg,0,nev
nev02463.jpg,0,nev
nev01540.jpg,0,nev
nev03694.jpg,0,nev
nev03122.jpg,0,nev
nev04538.jpg,0,nev
nev07151.jpg,0,nev
nev00673.jpg,0,nev
nev05055.jpg,0,nev
nev01672.jpg,0,nev
nev06743.jpg,0,nev
nev07358.jpg,0,nev
nev03986.jpg,0,nev
nev06354.jpg,0,nev
nev07448.jpg,0,nev
nev06162.jpg,0,nev
nev06060.jpg,0,nev
nev01193.jpg,0,nev
nev05027.jpg,0,nev
nev05876.jpg,0,nev
nev06961.jpg,0,nev
nev01514.jpg,0,nev
nev00217.jpg,0,nev
nev06854.jpg,0,nev
nev05231.jpg,0,nev
nev00422.jpg,0,nev
nev00506.jpg,0,nev
nev05756.jpg,0,nev
nev01894.jpg,0,nev
nev07625.jpg,0,nev
nev06928.jpg,0,nev
nev01583.jpg,0,nev
nev00507.jpg,0,nev
nev03686.jpg,0,nev
nev04128.jpg,0,nev
nev01729.jpg,0,nev
nev06480.jpg,0,nev
nev06842.jpg,0,nev
nev04988.jpg,0,nev
nev01870.jpg,0,nev
nev05026.jpg,0,nev
nev06068.jpg,0,nev
nev03264.jpg,0,nev
nev04790.jpg,0,nev
nev06993.jpg,0,nev
nev07567.jpg,0,nev
nev00348.jpg,0,nev
nev06821.jpg,0,nev
nev07112.jpg,0,nev
nev00334.jpg,0,nev
nev04653.jpg,0,nev
nev07685.jpg,0,nev
nev05270.jpg,0,nev
nev03316.jpg,0,nev
nev07255.jpg,0,nev
nev06761.jpg,0,nev
nev05958.jpg,0,nev
nev07237.jpg,0,nev
nev05331.jpg,0,nev
nev04174.jpg,0,nev
nev00747.jpg,0,nev
nev01564.jpg,0,nev
nev06019.jpg,0,nev
nev02826.jpg,0,nev
nev02190.jpg,0,nev
nev06076.jpg,0,nev
nev02281.jpg,0,nev
nev03856.jpg,0,nev
nev04795.jpg,0,nev
nev06659.jpg,0,nev
nev04983.jpg,0,nev
nev03602.jpg,0,nev
nev02865.jpg,0,nev
nev07438.jpg,0,nev
nev00260.jpg,0,nev
nev02116.jpg,0,nev
nev03772.jpg,0,nev
nev03932.jpg,0,nev
nev00381.jpg,0,nev
nev05303.jpg,0,nev
nev02389.jpg,0,nev
nev04982.jpg,0,nev
nev00600.jpg,0,nev
nev00046.jpg,0,nev
nev04114.jpg,0,nev
nev01653.jpg,0,nev
nev01587.jpg,0,nev
nev07500.jpg,0,nev
nev05376.jpg,0,nev
nev02207.jpg,0,nev
nev04247.jpg,0,nev
nev04223.jpg,0,nev
nev07390.jpg,0,nev
nev02945.jpg,0,nev
nev05834.jpg,0,nev
nev03908.jpg,0,nev
nev02474.jpg,0,nev
nev02923.jpg,0,nev
nev01601.jpg,0,nev
nev04732.jpg,0,nev
nev04627.jpg,0,nev
nev07204.jpg,0,nev
nev04337.jpg,0,nev
nev04804.jpg,0,nev
nev02816.jpg,0,nev
nev01299.jpg,0,nev
nev00427.jpg,0,nev
nev01787.jpg,0,nev
nev00806.jpg,0,nev
nev02112.jpg,0,nev
nev00411.jpg,0,nev
nev06463.jpg,0,nev
nev00666.jpg,0,nev
nev00439.jpg,0,nev
nev02639.jpg,0,nev
nev02681.jpg,0,nev
nev00435.jpg,0,nev
nev02523.jpg,0,nev
nev00752.jpg,0,nev
nev04369.jpg,0,nev
nev06827.jpg,0,nev
nev06612.jpg,0,nev
nev04113.jpg,0,nev
nev04602.jpg,0,nev
nev05235.jpg,0,nev
nev02772.jpg,0,nev
nev01050.jpg,0,nev
nev00627.jpg,0,nev
nev02827.jpg,0,nev
nev01224.jpg,0,nev
nev00211.jpg,0,nev
nev05881.jpg,0,nev
nev06590.jpg,0,nev
nev00111.jpg,0,nev
nev00052.jpg,0,nev
nev01500.jpg,0,nev
nev01110.jpg,0,nev
nev04078.jpg,0,nev
nev06702.jpg,0,nev
nev02477.jpg,0,nev
nev06688.jpg,0,nev
nev02821.jpg,0,nev
nev05398.jpg,0,nev
nev04601.jpg,0,nev
nev06570.jpg,0,nev
nev01703.jpg,0,nev
nev04384.jpg,0,nev
nev07016.jpg,0,nev
nev07713.jpg,0,nev
nev03516.jpg,0,nev
nev06560.jpg,0,nev
nev03218.jpg,0,nev
nev01499.jpg,0,nev
nev06596.jpg,0,nev
nev05466.jpg,0,nev
nev06923.jpg,0,nev
nev06001.jpg,0,nev
nev03771.jpg,0,nev
nev03591.jpg,0,nev
nev02685.jpg,0,nev
nev06412.jpg,0,nev
nev03689.jpg,0,nev
nev03525.jpg,0,nev
nev06385.jpg,0,nev
nev00706.jpg,0,nev
nev03289.jpg,0,nev
nev02471.jpg,0,nev
nev06010.jpg,0,nev
nev00058.jpg,0,nev
nev05584.jpg,0,nev
nev07420.jpg,0,nev
nev06187.jpg,0,nev
nev05717.jpg,0,nev
nev00528.jpg,0,nev
nev05447.jpg,0,nev
nev05364.jpg,0,nev
nev00566.jpg,0,nev
nev02003.jpg,0,nev
nev03616.jpg,0,nev
nev04371.jpg,0,nev
nev01766.jpg,0,nev
nev00641.jpg,0,nev
nev02274.jpg,0,nev
nev04252.jpg,0,nev
nev02590.jpg,0,nev
nev00731.jpg,0,nev
nev02754.jpg,0,nev
nev05246.jpg,0,nev
nev06621.jpg,0,nev
nev07671.jpg,0,nev
nev02647.jpg,0,nev
nev00326.jpg,0,nev
nev06461.jpg,0,nev
nev07344.jpg,0,nev
nev00291.jpg,0,nev
nev01748.jpg,0,nev
nev02953.jpg,0,nev
nev02830.jpg,0,nev
nev07178.jpg,0,nev
nev04571.jpg,0,nev
nev05103.jpg,0,nev
nev03946.jpg,0,nev
nev04214.jpg,0,nev
nev07244.jpg,0,nev
nev06404.jpg,0,nev
nev02406.jpg,0,nev
nev05508.jpg,0,nev
nev00865.jpg,0,nev
nev03195.jpg,0,nev
nev06548.jpg,0,nev
nev06883.jpg,0,nev
nev05049.jpg,0,nev
nev02692.jpg,0,nev
nev06778.jpg,0,nev
nev00372.jpg,0,nev
nev05405.jpg,0,nev
nev05827.jpg,0,nev
nev06514.jpg,0,nev
nev04774.jpg,0,nev
nev06099.jpg,0,nev
nev03297.jpg,0,nev
nev06801.jpg,0,nev
nev05462.jpg,0,nev
nev01551.jpg,0,nev
nev03561.jpg,0,nev
nev07408.jpg,0,nev
nev07590.jpg,0,nev
nev07373.jpg,0,nev
nev06137.jpg,0,nev
nev06839.jpg,0,nev
nev01361.jpg,0,nev
nev00912.jpg,0,nev
nev07001.jpg,0,nev
nev02570.jpg,0,nev
nev01742.jpg,0,nev
nev04332.jpg,0,nev
nev02222.jpg,0,nev
nev06806.jpg,0,nev
nev04216.jpg,0,nev
nev02317.jpg,0,nev
nev02150.jpg,0,nev
nev07537.jpg,0,nev
nev02500.jpg,0,nev
nev01424.jpg,0,nev
nev00123.jpg,0,nev
nev00480.jpg,0,nev
nev00663.jpg,0,nev
nev01923.jpg,0,nev
nev00294.jpg,0,nev
nev06117.jpg,0,nev
nev03544.jpg,0,nev
nev05029.jpg,0,nev
nev00941.jpg,0,nev
nev03059.jpg,0,nev
nev05925.jpg,0,nev
nev00440.jpg,0,nev
nev01380.jpg,0,nev
nev00848.jpg,0,nev
nev06650.jpg,0,nev
nev06143.jpg,0,nev
nev03485.jpg,0,nev
nev01444.jpg,0,nev
nev04221.jpg,0,nev
nev06566.jpg,0,nev
nev01478.jpg,0,nev
nev01174.jpg,0,nev
nev04373.jpg,0,nev
nev05710.jpg,0,nev
nev03579.jpg,0,nev
nev06927.jpg,0,nev
nev03754.jpg,0,nev
nev03985.jpg,0,nev
nev05087.jpg,0,nev
nev07119.jpg,0,nev
nev07485.jpg,0,nev
nev00280.jpg,0,nev
nev02400.jpg,0,nev
nev02132.jpg,0,nev
nev02803.jpg,0,nev
nev05587.jpg,0,nev
nev04615.jpg,0,nev
nev06679.jpg,0,nev
nev04458.jpg,0,nev
nev03033.jpg,0,nev
nev07308.jpg,0,nev
nev01102.jpg,0,nev
nev03309.jpg,0,nev
nev01695.jpg,0,nev
nev05031.jpg,0,nev
nev06962.jpg,0,nev
nev04341.jpg,0,nev
nev01700.jpg,0,nev
nev06319.jpg,0,nev
nev06069.jpg,0,nev
nev01942.jpg,0,nev
nev00578.jpg,0,nev
nev00060.jpg,0,nev
nev03681.jpg,0,nev
nev00788.jpg,0,nev
nev02345.jpg,0,nev
nev06824.jpg,0,nev
nev02940.jpg,0,nev
nev06912.jpg,0,nev
nev04150.jpg,0,nev
nev04579.jpg,0,nev
nev02869.jpg,0,nev
nev02909.jpg,0,nev
nev02088.jpg,0,nev
nev01346.jpg,0,nev
nev03827.jpg,0,nev
nev03413.jpg,0,nev
nev01184.jpg,0,nev
nev03956.jpg,0,nev
nev07090.jpg,0,nev
nev05295.jpg,0,nev
nev03259.jpg,0,nev
nev03124.jpg,0,nev
nev02227.jpg,0,nev
nev06562.jpg,0,nev
nev00185.jpg,0,nev
nev01558.jpg,0,nev
nev02299.jpg,0,nev
nev04208.jpg,0,nev
nev05936.jpg,0,nev
nev00421.jpg,0,nev
nev05401.jpg,0,nev
nev00554.jpg,0,nev
nev01398.jpg,0,nev
nev06910.jpg,0,nev
nev07503.jpg,0,nev
nev05983.jpg,0,nev
nev01761.jpg,0,nev
nev04902.jpg,0,nev
nev00298.jpg,0,nev
nev00444.jpg,0,nev
nev03287.jpg,0,nev
nev06233.jpg,0,nev
nev01120.jpg,0,nev
nev07261.jpg,0,nev
nev04340.jpg,0,nev
nev01702.jpg,0,nev
nev02488.jpg,0,nev
nev02128.jpg,0,nev
nev00694.jpg,0,nev
nev01340.jpg,0,nev
nev00656.jpg,0,nev
nev01841.jpg,0,nev
nev03575.jpg,0,nev
nev00182.jpg,0,nev
nev00881.jpg,0,nev
nev00795.jpg,0,nev
nev04163.jpg,0,nev
nev02058.jpg,0,nev
nev05334.jpg,0,nev
nev05572.jpg,0,nev
nev04310.jpg,0,nev
nev03090.jpg,0,nev
nev07233.jpg,0,nev
nev06244.jpg,0,nev
nev03791.jpg,0,nev
nev07350.jpg,0,nev
nev00531.jpg,0,nev
nev06180.jpg,0,nev
nev01796.jpg,0,nev
nev03781.jpg,0,nev
nev02165.jpg,0,nev
nev06192.jpg,0,nev
nev00711.jpg,0,nev
nev02285.jpg,0,nev
nev02169.jpg,0,nev
nev00559.jpg,0,nev
nev06509.jpg,0,nev
nev03890.jpg,0,nev
nev01372.jpg,0,nev
nev06447.jpg,0,nev
nev01745.jpg,0,nev
nev07276.jpg,0,nev
nev00908.jpg,0,nev
nev05375.jpg,0,nev
nev02084.jpg,0,nev
nev01434.jpg,0,nev
nev07117.jpg,0,nev
nev06559.jpg,0,nev
nev04253.jpg,0,nev
nev02465.jpg,0,nev
nev05754.jpg,0,nev
nev04123.jpg,0,nev
nev06188.jpg,0,nev
nev05637.jpg,0,nev
nev00927.jpg,0,nev
nev04161.jpg,0,nev
nev04773.jpg,0,nev
nev04563.jpg,0,nev
nev00016.jpg,0,nev
nev06990.jpg,0,nev
nev05778.jpg,0,nev
nev07273.jpg,0,nev
nev00316.jpg,0,nev
nev02918.jpg,0,nev
nev05499.jpg,0,nev
nev01162.jpg,0,nev
nev02885.jpg,0,nev
nev03933.jpg,0,nev
nev02670.jpg,0,nev
nev02997.jpg,0,nev
nev02649.jpg,0,nev
nev06307.jpg,0,nev
nev01363.jpg,0,nev
nev00415.jpg,0,nev
nev01213.jpg,0,nev
nev01877.jpg,0,nev
nev05665.jpg,0,nev
nev06653.jpg,0,nev
nev02822.jpg,0,nev
nev06005.jpg,0,nev
nev06427.jpg,0,nev
nev03263.jpg,0,nev
nev01171.jpg,0,nev
nev03729.jpg,0,nev
nev03107.jpg,0,nev
nev06441.jpg,0,nev
nev02167.jpg,0,nev
nev03614.jpg,0,nev
nev01834.jpg,0,nev
nev05811.jpg,0,nev
nev02797.jpg,0,nev
nev01324.jpg,0,nev
nev05725.jpg,0,nev
nev01860.jpg,0,nev
nev04111.jpg,0,nev
nev02269.jpg,0,nev
nev06719.jpg,0,nev
nev05966.jpg,0,nev
nev05411.jpg,0,nev
nev04609.jpg,0,nev
nev07637.jpg,0,nev
nev07541.jpg,0,nev
nev03129.jpg,0,nev
nev07638.jpg,0,nev
nev00388.jpg,0,nev
nev04928.jpg,0,nev
nev01033.jpg,0,nev
nev06851.jpg,0,nev
nev06561.jpg,0,nev
nev05956.jpg,0,nev
nev04685.jpg,0,nev
nev07272.jpg,0,nev
nev03429.jpg,0,nev
nev05541.jpg,0,nev
nev02216.jpg,0,nev
nev01011.jpg,0,nev
nev05152.jpg,0,nev
nev02648.jpg,0,nev
nev00932.jpg,0,nev
nev02442.jpg,0,nev
nev01972.jpg,0,nev
nev00692.jpg,0,nev
nev00534.jpg,0,nev
nev06519.jpg,0,nev
nev06469.jpg,0,nev
nev06870.jpg,0,nev
nev04839.jpg,0,nev
nev01451.jpg,0,nev
nev00653.jpg,0,nev
nev00034.jpg,0,nev
nev03194.jpg,0,nev
nev06539.jpg,0,nev
nev00045.jpg,0,nev
nev01054.jpg,0,nev
nev01892.jpg,0,nev
nev06794.jpg,0,nev
nev00965.jpg,0,nev
nev04792.jpg,0,nev
nev03872.jpg,0,nev
nev06813.jpg,0,nev
nev04610.jpg,0,nev
nev01922.jpg,0,nev
nev03750.jpg,0,nev
nev05571.jpg,0,nev
nev06166.jpg,0,nev
nev01684.jpg,0,nev
nev05764.jpg,0,nev
nev00064.jpg,0,nev
nev05496.jpg,0,nev
nev04199.jpg,0,nev
nev03183.jpg,0,nev
nev00228.jpg,0,nev
nev03126.jpg,0,nev
nev04833.jpg,0,nev
nev07583.jpg,0,nev
nev05538.jpg,0,nev
nev00970.jpg,0,nev
nev01806.jpg,0,nev
nev02665.jpg,0,nev
nev06144.jpg,0,nev
nev07538.jpg,0,nev
nev06283.jpg,0,nev
nev07421.jpg,0,nev
nev03536.jpg,0,nev
nev01861.jpg,0,nev
nev04399.jpg,0,nev
nev03952.jpg,0,nev
nev05949.jpg,0,nev
nev05328.jpg,0,nev
nev00253.jpg,0,nev
nev02403.jpg,0,nev
nev06213.jpg,0,nev
nev01790.jpg,0,nev
nev04396.jpg,0,nev
nev04650.jpg,0,nev
nev03979.jpg,0,nev
nev06297.jpg,0,nev
nev04607.jpg,0,nev
nev01903.jpg,0,nev
nev05697.jpg,0,nev
nev04956.jpg,0,nev
nev02944.jpg,0,nev
nev02717.jpg,0,nev
nev04405.jpg,0,nev
nev00076.jpg,0,nev
nev02819.jpg,0,nev
nev04370.jpg,0,nev
nev04565.jpg,0,nev
nev02935.jpg,0,nev
nev02433.jpg,0,nev
nev05115.jpg,0,nev
nev03269.jpg,0,nev
nev05150.jpg,0,nev
nev07648.jpg,0,nev
nev06495.jpg,0,nev
nev05038.jpg,0,nev
nev00241.jpg,0,nev
nev00784.jpg,0,nev
nev01355.jpg,0,nev
nev03208.jpg,0,nev
nev00978.jpg,0,nev
nev00810.jpg,0,nev
nev01600.jpg,0,nev
nev02228.jpg,0,nev
nev02907.jpg,0,nev
nev01621.jpg,0,nev
nev02628.jpg,0,nev
nev04119.jpg,0,nev
nev01802.jpg,0,nev
nev02096.jpg,0,nev
nev05523.jpg,0,nev
nev01358.jpg,0,nev
nev05097.jpg,0,nev
nev06362.jpg,0,nev
nev02684.jpg,0,nev
nev05501.jpg,0,nev
nev02961.jpg,0,nev
nev05322.jpg,0,nev
nev07433.jpg,0,nev
nev02810.jpg,0,nev
nev06123.jpg,0,nev
nev06738.jpg,0,nev
nev00030.jpg,0,nev
nev04513.jpg,0,nev
nev02880.jpg,0,nev
nev01093.jpg,0,nev
nev00125.jpg,0,nev
nev04040.jpg,0,nev
nev05639.jpg,0,nev
nev04748.jpg,0,nev
nev06785.jpg,0,nev
nev01554.jpg,0,nev
nev03853.jpg,0,nev
nev00599.jpg,0,nev
nev03040.jpg,0,nev
nev01417.jpg,0,nev
nev03687.jpg,0,nev
nev03862.jpg,0,nev
nev07501.jpg,0,nev
nev06773.jpg,0,nev
nev06014.jpg,0,nev
nev06866.jpg,0,nev
nev02532.jpg,0,nev
nev00809.jpg,0,nev
nev04511.jpg,0,nev
nev00959.jpg,0,nev
nev05129.jpg,0,nev
nev03025.jpg,0,nev
nev00811.jpg,0,nev
nev00835.jpg,0,nev
nev02752.jpg,0,nev
nev02878.jpg,0,nev
nev01236.jpg,0,nev
nev01226.jpg,0,nev
nev05113.jpg,0,nev
nev03857.jpg,0,nev
nev03881.jpg,0,nev
nev02304.jpg,0,nev
nev02581.jpg,0,nev
nev07253.jpg,0,nev
nev06584.jpg,0,nev
nev03034.jpg,0,nev
nev01658.jpg,0,nev
nev06592.jpg,0,nev
nev00453.jpg,0,nev
nev02182.jpg,0,nev
nev00423.jpg,0,nev
nev01221.jpg,0,nev
nev06504.jpg,0,nev
nev04537.jpg,0,nev
nev07205.jpg,0,nev
nev07252.jpg,0,nev
nev00103.jpg,0,nev
nev07322.jpg,0,nev
nev04387.jpg,0,nev
nev01581.jpg,0,nev
nev03904.jpg,0,nev
nev05708.jpg,0,nev
nev00136.jpg,0,nev
nev03017.jpg,0,nev
nev05230.jpg,0,nev
nev01311.jpg,0,nev
nev06952.jpg,0,nev
nev04232.jpg,0,nev
nev02246.jpg,0,nev
nev04258.jpg,0,nev
nev04421.jpg,0,nev
nev01936.jpg,0,nev
nev04996.jpg,0,nev
nev02551.jpg,0,nev
nev02541.jpg,0,nev
nev00808.jpg,0,nev
nev02046.jpg,0,nev
nev05478.jpg,0,nev
nev00463.jpg,0,nev
nev01957.jpg,0,nev
nev03423.jpg,0,nev
nev00800.jpg,0,nev
nev04562.jpg,0,nev
nev01074.jpg,0,nev
nev00145.jpg,0,nev
nev01341.jpg,0,nev
nev02579.jpg,0,nev
nev03410.jpg,0,nev
nev02092.jpg,0,nev
nev06838.jpg,0,nev
nev06214.jpg,0,nev
nev02836.jpg,0,nev
nev04318.jpg,0,nev
nev04592.jpg,0,nev
nev02630.jpg,0,nev
nev01004.jpg,0,nev
nev04608.jpg,0,nev
nev07564.jpg,0,nev
nev00556.jpg,0,nev
nev06513.jpg,0,nev
nev01486.jpg,0,nev
nev05514.jpg,0,nev
nev01273.jpg,0,nev
nev01412.jpg,0,nev
nev06814.jpg,0,nev
nev07059.jpg,0,nev
nev01472.jpg,0,nev
nev06044.jpg,0,nev
nev02419.jpg,0,nev
nev04576.jpg,0,nev
nev05799.jpg,0,nev
nev05076.jpg,0,nev
nev03440.jpg,0,nev
nev00982.jpg,0,nev
nev06563.jpg,0,nev
nev06588.jpg,0,nev
nev06818.jpg,0,nev
nev01269.jpg,0,nev
nev02956.jpg,0,nev
nev00269.jpg,0,nev
nev00655.jpg,0,nev
nev02448.jpg,0,nev
nev07423.jpg,0,nev
nev04731.jpg,0,nev
nev02928.jpg,0,nev
nev00590.jpg,0,nev
nev04841.jpg,0,nev
nev07247.jpg,0,nev
nev03359.jpg,0,nev
nev04231.jpg,0,nev
nev03647.jpg,0,nev
nev04960.jpg,0,nev
nev02955.jpg,0,nev
nev04351.jpg,0,nev
nev06657.jpg,0,nev
nev05435.jpg,0,nev
nev05119.jpg,0,nev
nev00678.jpg,0,nev
nev06751.jpg,0,nev
nev05188.jpg,0,nev
nev03115.jpg,0,nev
nev05419.jpg,0,nev
nev04508.jpg,0,nev
nev06706.jpg,0,nev
nev05609.jpg,0,nev
nev03667.jpg,0,nev
nev06602.jpg,0,nev
nev06712.jpg,0,nev
nev02543.jpg,0,nev
nev06721.jpg,0,nev
nev01612.jpg,0,nev
nev04104.jpg,0,nev
nev06386.jpg,0,nev
nev03004.jpg,0,nev
nev02989.jpg,0,nev
nev07163.jpg,0,nev
nev06008.jpg,0,nev
nev00606.jpg,0,nev
nev07142.jpg,0,nev
nev03642.jpg,0,nev
nev01469.jpg,0,nev
nev05693.jpg,0,nev
nev04589.jpg,0,nev
nev03481.jpg,0,nev
nev07469.jpg,0,nev
nev04546.jpg,0,nev
nev05818.jpg,0,nev
nev02156.jpg,0,nev
nev02587.jpg,0,nev
nev07398.jpg,0,nev
nev02078.jpg,0,nev
nev03787.jpg,0,nev
nev07361.jpg,0,nev
nev03283.jpg,0,nev
nev03816.jpg,0,nev
nev00585.jpg,0,nev
nev05358.jpg,0,nev
nev05333.jpg,0,nev
nev03474.jpg,0,nev
nev02610.jpg,0,nev
nev06454.jpg,0,nev
nev07215.jpg,0,nev
nev06420.jpg,0,nev
nev07342.jpg,0,nev
nev02313.jpg,0,nev
nev02729.jpg,0,nev
nev07440.jpg,0,nev
nev05664.jpg,0,nev
nev00345.jpg,0,nev
nev04383.jpg,0,nev
nev06891.jpg,0,nev
nev03152.jpg,0,nev
nev07250.jpg,0,nev
nev03659.jpg,0,nev
nev05984.jpg,0,nev
nev03590.jpg,0,nev
nev04819.jpg,0,nev
nev00091.jpg,0,nev
nev03788.jpg,0,nev
nev07498.jpg,0,nev
nev06805.jpg,0,nev
nev03106.jpg,0,nev
nev02118.jpg,0,nev
nev04059.jpg,0,nev
nev06129.jpg,0,nev
nev04422.jpg,0,nev
nev04202.jpg,0,nev
nev00948.jpg,0,nev
nev07341.jpg,0,nev
nev04122.jpg,0,nev
nev04177.jpg,0,nev
nev06855.jpg,0,nev
nev07584.jpg,0,nev
nev03911.jpg,0,nev
nev06482.jpg,0,nev
nev07083.jpg,0,nev
nev05701.jpg,0,nev
nev05155.jpg,0,nev
nev04605.jpg,0,nev
nev05142.jpg,0,nev
nev05528.jpg,0,nev
nev05423.jpg,0,nev
nev05292.jpg,0,nev
nev05858.jpg,0,nev
nev05625.jpg,0,nev
nev04095.jpg,0,nev
nev03347.jpg,0,nev
nev02686.jpg,0,nev
nev06125.jpg,0,nev
nev01711.jpg,0,nev
nev06662.jpg,0,nev
nev04536.jpg,0,nev
nev01187.jpg,0,nev
nev03556.jpg,0,nev
nev05551.jpg,0,nev
nev07089.jpg,0,nev
nev07555.jpg,0,nev
nev00152.jpg,0,nev
nev00916.jpg,0,nev
nev01306.jpg,0,nev
nev02751.jpg,0,nev
nev07357.jpg,0,nev
nev04542.jpg,0,nev
nev07130.jpg,0,nev
nev01399.jpg,0,nev
nev00184.jpg,0,nev
nev05078.jpg,0,nev
nev02992.jpg,0,nev
nev04504.jpg,0,nev
nev00472.jpg,0,nev
nev00968.jpg,0,nev
nev00210.jpg,0,nev
nev01962.jpg,0,nev
nev00897.jpg,0,nev
nev07455.jpg,0,nev
nev06576.jpg,0,nev
nev04718.jpg,0,nev
nev01774.jpg,0,nev
nev07329.jpg,0,nev
nev02300.jpg,0,nev
nev01210.jpg,0,nev
nev04129.jpg,0,nev
nev04406.jpg,0,nev
nev03693.jpg,0,nev
nev01252.jpg,0,nev
nev04901.jpg,0,nev
nev03722.jpg,0,nev
nev03967.jpg,0,nev
nev04651.jpg,0,nev
nev04039.jpg,0,nev
nev00293.jpg,0,nev
nev03394.jpg,0,nev
nev03949.jpg,0,nev
nev07598.jpg,0,nev
nev04490.jpg,0,nev
nev00273.jpg,0,nev
nev02043.jpg,0,nev
nev04056.jpg,0,nev
nev06758.jpg,0,nev
nev07594.jpg,0,nev
nev06994.jpg,0,nev
nev01087.jpg,0,nev
nev03329.jpg,0,nev
nev05170.jpg,0,nev
nev04241.jpg,0,nev
nev06541.jpg,0,nev
nev04906.jpg,0,nev
nev04729.jpg,0,nev
nev04904.jpg,0,nev
nev06674.jpg,0,nev
nev06175.jpg,0,nev
nev04763.jpg,0,nev
nev02903.jpg,0,nev
nev04388.jpg,0,nev
nev00614.jpg,0,nev
nev07673.jpg,0,nev
nev06554.jpg,0,nev
nev04463.jpg,0,nev
nev04311.jpg,0,nev
nev04516.jpg,0,nev
nev01749.jpg,0,nev
nev06970.jpg,0,nev
nev03150.jpg,0,nev
nev06648.jpg,0,nev
nev02926.jpg,0,nev
nev07339.jpg,0,nev
nev02155.jpg,0,nev
nev01345.jpg,0,nev
nev07470.jpg,0,nev
nev05803.jpg,0,nev
nev07656.jpg,0,nev
nev00953.jpg,0,nev
nev05096.jpg,0,nev
nev01505.jpg,0,nev
nev03542.jpg,0,nev
nev07681.jpg,0,nev
nev02859.jpg,0,nev
nev01122.jpg,0,nev
nev06763.jpg,0,nev
nev03928.jpg,0,nev
nev03552.jpg,0,nev
nev02893.jpg,0,nev
nev05022.jpg,0,nev
nev02841.jpg,0,nev
nev00417.jpg,0,nev
nev04568.jpg,0,nev
nev02432.jpg,0,nev
nev00565.jpg,0,nev
nev01225.jpg,0,nev
nev00143.jpg,0,nev
nev01491.jpg,0,nev
nev02708.jpg,0,nev
nev03028.jpg,0,nev
nev02005.jpg,0,nev
nev01195.jpg,0,nev
nev06392.jpg,0,nev
nev02580.jpg,0,nev
nev01757.jpg,0,nev
nev00498.jpg,0,nev
nev02674.jpg,0,nev
nev07550.jpg,0,nev
nev03996.jpg,0,nev
nev00722.jpg,0,nev
nev06580.jpg,0,nev
nev04880.jpg,0,nev
nev01497.jpg,0,nev
nev06882.jpg,0,nev
nev01521.jpg,0,nev
nev06061.jpg,0,nev
nev03185.jpg,0,nev
nev03609.jpg,0,nev
nev03143.jpg,0,nev
nev06229.jpg,0,nev
nev00109.jpg,0,nev
nev01755.jpg,0,nev
nev06105.jpg,0,nev
nev01352.jpg,0,nev
nev04363.jpg,0,nev
nev04280.jpg,0,nev
nev03492.jpg,0,nev
nev01974.jpg,0,nev
nev00337.jpg,0,nev
nev05436.jpg,0,nev
nev05699.jpg,0,nev
nev06235.jpg,0,nev
nev05763.jpg,0,nev
nev04856.jpg,0,nev
nev00725.jpg,0,nev
nev00766.jpg,0,nev
nev04980.jpg,0,nev
nev06456.jpg,0,nev
nev04343.jpg,0,nev
nev00308.jpg,0,nev
nev01279.jpg,0,nev
nev04756.jpg,0,nev
nev03478.jpg,0,nev
nev06018.jpg,0,nev
nev06261.jpg,0,nev
nev07004.jpg,0,nev
ack00276.jpg,1,ack
ack00094.jpg,1,ack
ack00007.jpg,1,ack
ack00168.jpg,1,ack
ack00091.jpg,1,ack
ack00514.jpg,1,ack
ack00363.jpg,1,ack
ack00229.jpg,1,ack
ack00193.jpg,1,ack
ack00483.jpg,1,ack
ack00219.jpg,1,ack
ack00181.jpg,1,ack
ack00308.jpg,1,ack
ack00509.jpg,1,ack
ack00011.jpg,1,ack
ack00382.jpg,1,ack
ack00372.jpg,1,ack
ack00031.jpg,1,ack
ack00495.jpg,1,ack
ack00138.jpg,1,ack
ack00156.jpg,1,ack
ack00085.jpg,1,ack
ack00118.jpg,1,ack
ack00173.jpg,1,ack
ack00324.jpg,1,ack
ack00332.jpg,1,ack
ack00080.jpg,1,ack
ack00453.jpg,1,ack
ack00507.jpg,1,ack
ack00254.jpg,1,ack
ack00250.jpg,1,ack
ack00341.jpg,1,ack
ack00334.jpg,1,ack
ack00010.jpg,1,ack
ack00279.jpg,1,ack
ack00069.jpg,1,ack
ack00418.jpg,1,ack
ack00204.jpg,1,ack
ack00394.jpg,1,ack
ack00306.jpg,1,ack
ack00300.jpg,1,ack
ack00348.jpg,1,ack
ack00056.jpg,1,ack
ack00516.jpg,1,ack
ack00520.jpg,1,ack
ack00159.jpg,1,ack
ack00223.jpg,1,ack
ack00256.jpg,1,ack
ack00154.jpg,1,ack
ack00177.jpg,1,ack
ack00211.jpg,1,ack
ack00290.jpg,1,ack
ack00077.jpg,1,ack
ack00448.jpg,1,ack
ack00350.jpg,1,ack
ack00149.jpg,1,ack
ack00447.jpg,1,ack
ack00074.jpg,1,ack
ack00003.jpg,1,ack
ack00078.jpg,1,ack
ack00401.jpg,1,ack
ack00517.jpg,1,ack
ack00488.jpg,1,ack
ack00298.jpg,1,ack
ack00064.jpg,1,ack
ack00484.jpg,1,ack
ack00282.jpg,1,ack
ack00071.jpg,1,ack
ack00174.jpg,1,ack
ack00034.jpg,1,ack
ack00073.jpg,1,ack
ack00079.jpg,1,ack
ack00001.jpg,1,ack
ack00012.jpg,1,ack
ack00339.jpg,1,ack
ack00023.jpg,1,ack
ack00479.jpg,1,ack
ack00491.jpg,1,ack
ack00105.jpg,1,ack
ack00083.jpg,1,ack
ack00186.jpg,1,ack
ack00141.jpg,1,ack
ack00019.jpg,1,ack
ack00357.jpg,1,ack
ack00133.jpg,1,ack
ack00125.jpg,1,ack
ack00102.jpg,1,ack
ack00040.jpg,1,ack
ack00471.jpg,1,ack
ack00047.jpg,1,ack
ack00315.jpg,1,ack
ack00449.jpg,1,ack
ack00366.jpg,1,ack
ack00178.jpg,1,ack
ack00287.jpg,1,ack
ack00347.jpg,1,ack
ack00132.jpg,1,ack
ack00434.jpg,1,ack
ack00457.jpg,1,ack
ack00070.jpg,1,ack
ack00358.jpg,1,ack
ack00424.jpg,1,ack
ack00335.jpg,1,ack
ack00228.jpg,1,ack
ack00435.jpg,1,ack
ack00437.jpg,1,ack
ack00209.jpg,1,ack
ack00333.jpg,1,ack
ack00221.jpg,1,ack
ack00503.jpg,1,ack
ack00325.jpg,1,ack
ack00185.jpg,1,ack
ack00498.jpg,1,ack
ack00356.jpg,1,ack
ack00321.jpg,1,ack
ack00196.jpg,1,ack
ack00336.jpg,1,ack
ack00493.jpg,1,ack
ack00451.jpg,1,ack
ack00508.jpg,1,ack
ack00087.jpg,1,ack
ack00432.jpg,1,ack
ack00076.jpg,1,ack
ack00458.jpg,1,ack
ack00016.jpg,1,ack
ack00422.jpg,1,ack
ack00183.jpg,1,ack
ack00474.jpg,1,ack
ack00020.jpg,1,ack
ack00398.jpg,1,ack
ack00057.jpg,1,ack
ack00501.jpg,1,ack
ack00343.jpg,1,ack
ack00441.jpg,1,ack
ack00405.jpg,1,ack
ack00026.jpg,1,ack
ack00262.jpg,1,ack
ack00043.jpg,1,ack
ack00510.jpg,1,ack
ack00272.jpg,1,ack
ack00210.jpg,1,ack
ack00288.jpg,1,ack
ack00127.jpg,1,ack
ack00415.jpg,1,ack
ack00032.jpg,1,ack
ack00114.jpg,1,ack
ack00361.jpg,1,ack
ack00291.jpg,1,ack
ack00155.jpg,1,ack
ack00058.jpg,1,ack
ack00212.jpg,1,ack
ack00025.jpg,1,ack
ack00018.jpg,1,ack
ack00246.jpg,1,ack
ack00067.jpg,1,ack
ack00230.jpg,1,ack
ack00226.jpg,1,ack
ack00095.jpg,1,ack
ack00463.jpg,1,ack
ack00285.jpg,1,ack
ack00024.jpg,1,ack
ack00245.jpg,1,ack
ack00423.jpg,1,ack
ack00376.jpg,1,ack
ack00006.jpg,1,ack
ack00117.jpg,1,ack
ack00046.jpg,1,ack
ack00408.jpg,1,ack
ack00017.jpg,1,ack
ack00485.jpg,1,ack
ack00371.jpg,1,ack
ack00004.jpg,1,ack
ack00275.jpg,1,ack
ack00427.jpg,1,ack
ack00061.jpg,1,ack
ack00111.jpg,1,ack
ack00330.jpg,1,ack
ack00273.jpg,1,ack
ack00030.jpg,1,ack
ack00281.jpg,1,ack
ack00412.jpg,1,ack
ack00027.jpg,1,ack
ack00008.jpg,1,ack
ack00182.jpg,1,ack
ack00473.jpg,1,ack
ack00109.jpg,1,ack
ack00038.jpg,1,ack
ack00158.jpg,1,ack
ack00489.jpg,1,ack
ack00119.jpg,1,ack
ack00115.jpg,1,ack
ack00426.jpg,1,ack
ack00176.jpg,1,ack
ack00205.jpg,1,ack
ack00370.jpg,1,ack
ack00145.jpg,1,ack
ack00195.jpg,1,ack
ack00384.jpg,1,ack
ack00396.jpg,1,ack
ack00377.jpg,1,ack
ack00487.jpg,1,ack
ack00239.jpg,1,ack
ack00465.jpg,1,ack
ack00142.jpg,1,ack
ack00407.jpg,1,ack
ack00068.jpg,1,ack
ack00232.jpg,1,ack
ack00169.jpg,1,ack
ack00189.jpg,1,ack
ack00238.jpg,1,ack
ack00391.jpg,1,ack
ack00312.jpg,1,ack
ack00194.jpg,1,ack
ack00082.jpg,1,ack
ack00110.jpg,1,ack
ack00263.jpg,1,ack
ack00146.jpg,1,ack
ack00093.jpg,1,ack
ack00153.jpg,1,ack
ack00353.jpg,1,ack
ack00411.jpg,1,ack
ack00278.jpg,1,ack
ack00084.jpg,1,ack
ack00104.jpg,1,ack
ack00166.jpg,1,ack
ack00164.jpg,1,ack
ack00200.jpg,1,ack
ack00251.jpg,1,ack
ack00075.jpg,1,ack
ack00469.jpg,1,ack
ack00235.jpg,1,ack
ack00499.jpg,1,ack
ack00120.jpg,1,ack
ack00292.jpg,1,ack
ack00433.jpg,1,ack
ack00456.jpg,1,ack
ack00368.jpg,1,ack
ack00417.jpg,1,ack
ack00248.jpg,1,ack
ack00266.jpg,1,ack
ack00269.jpg,1,ack
ack00313.jpg,1,ack
ack00399.jpg,1,ack
ack00511.jpg,1,ack
ack00037.jpg,1,ack
ack00197.jpg,1,ack
ack00140.jpg,1,ack
ack00389.jpg,1,ack
ack00439.jpg,1,ack
ack00302.jpg,1,ack
ack00419.jpg,1,ack
ack00060.jpg,1,ack
ack00470.jpg,1,ack
ack00249.jpg,1,ack
ack00112.jpg,1,ack
ack00090.jpg,1,ack
ack00462.jpg,1,ack
ack00267.jpg,1,ack
ack00375.jpg,1,ack
ack00151.jpg,1,ack
ack00397.jpg,1,ack
ack00039.jpg,1,ack
ack00326.jpg,1,ack
ack00199.jpg,1,ack
ack00303.jpg,1,ack
ack00147.jpg,1,ack
ack00409.jpg,1,ack
ack00148.jpg,1,ack
ack00318.jpg,1,ack
ack00297.jpg,1,ack
ack00124.jpg,1,ack
ack00383.jpg,1,ack
ack00097.jpg,1,ack
ack00144.jpg,1,ack
ack00240.jpg,1,ack
ack00322.jpg,1,ack
ack00098.jpg,1,ack
ack00472.jpg,1,ack
ack00123.jpg,1,ack
ack00184.jpg,1,ack
ack00203.jpg,1,ack
ack00247.jpg,1,ack
ack00317.jpg,1,ack
ack00502.jpg,1,ack
ack00365.jpg,1,ack
ack00311.jpg,1,ack
ack00413.jpg,1,ack
ack00497.jpg,1,ack
ack00126.jpg,1,ack
ack00490.jpg,1,ack
ack00224.jpg,1,ack
ack00519.jpg,1,ack
ack00220.jpg,1,ack
ack00130.jpg,1,ack
ack00438.jpg,1,ack
ack00299.jpg,1,ack
ack00452.jpg,1,ack
ack00393.jpg,1,ack
ack00403.jpg,1,ack
ack00369.jpg,1,ack
ack00305.jpg,1,ack
ack00295.jpg,1,ack
ack00381.jpg,1,ack
ack00355.jpg,1,ack
ack00113.jpg,1,ack
ack00180.jpg,1,ack
ack00319.jpg,1,ack
ack00425.jpg,1,ack
ack00342.jpg,1,ack
ack00505.jpg,1,ack
ack00374.jpg,1,ack
ack00234.jpg,1,ack
ack00513.jpg,1,ack
ack00323.jpg,1,ack
ack00165.jpg,1,ack
ack00137.jpg,1,ack
ack00198.jpg,1,ack
ack00259.jpg,1,ack
ack00233.jpg,1,ack
ack00116.jpg,1,ack
ack00121.jpg,1,ack
ack00362.jpg,1,ack
ack00225.jpg,1,ack
ack00442.jpg,1,ack
ack00349.jpg,1,ack
ack00128.jpg,1,ack
ack00286.jpg,1,ack
ack00429.jpg,1,ack
ack00108.jpg,1,ack
ack00385.jpg,1,ack
ack00337.jpg,1,ack
ack00134.jpg,1,ack
ack00378.jpg,1,ack
ack00045.jpg,1,ack
ack00482.jpg,1,ack
ack00066.jpg,1,ack
ack00284.jpg,1,ack
ack00086.jpg,1,ack
ack00243.jpg,1,ack
ack00187.jpg,1,ack
ack00400.jpg,1,ack
ack00160.jpg,1,ack
ack00013.jpg,1,ack
ack00036.jpg,1,ack
ack00029.jpg,1,ack
ack00171.jpg,1,ack
ack00143.jpg,1,ack
ack00416.jpg,1,ack
ack00354.jpg,1,ack
ack00222.jpg,1,ack
ack00096.jpg,1,ack
ack00052.jpg,1,ack
ack00241.jpg,1,ack
ack00387.jpg,1,ack
ack00352.jpg,1,ack
ack00395.jpg,1,ack
ack00179.jpg,1,ack
ack00042.jpg,1,ack
ack00455.jpg,1,ack
ack00404.jpg,1,ack
ack00207.jpg,1,ack
ack00283.jpg,1,ack
ack00359.jpg,1,ack
ack00255.jpg,1,ack
ack00430.jpg,1,ack
ack00005.jpg,1,ack
ack00257.jpg,1,ack
ack00468.jpg,1,ack
ack00101.jpg,1,ack
ack00227.jpg,1,ack
ack00445.jpg,1,ack
ack00214.jpg,1,ack
ack00440.jpg,1,ack
ack00172.jpg,1,ack
ack00099.jpg,1,ack
ack00293.jpg,1,ack
ack00216.jpg,1,ack
ack00062.jpg,1,ack
ack00048.jpg,1,ack
ack00033.jpg,1,ack
ack00268.jpg,1,ack
ack00328.jpg,1,ack
ack00201.jpg,1,ack
ack00466.jpg,1,ack
ack00028.jpg,1,ack
ack00406.jpg,1,ack
ack00231.jpg,1,ack
ack00261.jpg,1,ack
ack00379.jpg,1,ack
ack00289.jpg,1,ack
ack00163.jpg,1,ack
ack00392.jpg,1,ack
ack00443.jpg,1,ack
ack00139.jpg,1,ack
ack00063.jpg,1,ack
ack00136.jpg,1,ack
ack00129.jpg,1,ack
ack00500.jpg,1,ack
ack00009.jpg,1,ack
ack00327.jpg,1,ack
ack00486.jpg,1,ack
ack00065.jpg,1,ack
ack00301.jpg,1,ack
ack00015.jpg,1,ack
ack00157.jpg,1,ack
ack00041.jpg,1,ack
ack00380.jpg,1,ack
ack00480.jpg,1,ack
ack00421.jpg,1,ack
ack00217.jpg,1,ack
ack00410.jpg,1,ack
ack00280.jpg,1,ack
ack00454.jpg,1,ack
ack00450.jpg,1,ack
ack00338.jpg,1,ack
ack00237.jpg,1,ack
ack00208.jpg,1,ack
ack00213.jpg,1,ack
ack00296.jpg,1,ack
ack00477.jpg,1,ack
ack00252.jpg,1,ack
ack00512.jpg,1,ack
ack00478.jpg,1,ack
ack00304.jpg,1,ack
ack00351.jpg,1,ack
ack00270.jpg,1,ack
ack00202.jpg,1,ack
ack00162.jpg,1,ack
ack00044.jpg,1,ack
ack00218.jpg,1,ack
ack00402.jpg,1,ack
ack00191.jpg,1,ack
ack00310.jpg,1,ack
ack00260.jpg,1,ack
ack00106.jpg,1,ack
ack00054.jpg,1,ack
ack00390.jpg,1,ack
ack00002.jpg,1,ack
ack00461.jpg,1,ack
ack00506.jpg,1,ack
ack00050.jpg,1,ack
ack00420.jpg,1,ack
ack00081.jpg,1,ack
ack00206.jpg,1,ack
ack00035.jpg,1,ack
ack00431.jpg,1,ack
ack00264.jpg,1,ack
ack00428.jpg,1,ack
ack00494.jpg,1,ack
ack00367.jpg,1,ack
ack00092.jpg,1,ack
ack00340.jpg,1,ack
ack00496.jpg,1,ack
ack00053.jpg,1,ack
ack00346.jpg,1,ack
ack00265.jpg,1,ack
ack00242.jpg,1,ack
ack00014.jpg,1,ack
ack00316.jpg,1,ack
ack00089.jpg,1,ack
ack00388.jpg,1,ack
ack00274.jpg,1,ack
ack00167.jpg,1,ack
ack00329.jpg,1,ack
ack00515.jpg,1,ack
ack00135.jpg,1,ack
ack00307.jpg,1,ack
ack00504.jpg,1,ack
ack00320.jpg,1,ack
ack00244.jpg,1,ack
ack00055.jpg,1,ack
ack00364.jpg,1,ack
ack00051.jpg,1,ack
ack00481.jpg,1,ack
ack00175.jpg,1,ack
ack00446.jpg,1,ack
ack00190.jpg,1,ack
ack00518.jpg,1,ack
ack00464.jpg,1,ack
ack00188.jpg,1,ack
ack00476.jpg,1,ack
ack00170.jpg,1,ack
ack00059.jpg,1,ack
ack00475.jpg,1,ack
ack00049.jpg,1,ack
ack00345.jpg,1,ack
ack00236.jpg,1,ack
ack00253.jpg,1,ack
ack00022.jpg,1,ack
ack00314.jpg,1,ack
ack00460.jpg,1,ack
ack00161.jpg,1,ack
ack00277.jpg,1,ack
ack00444.jpg,1,ack
ack00192.jpg,1,ack
ack00386.jpg,1,ack
ack00294.jpg,1,ack
ack00414.jpg,1,ack
ack00492.jpg,1,ack
ack00344.jpg,1,ack
bcc00890.jpg,1,bcc
bcc01673.jpg,1,bcc
bcc00415.jpg,1,bcc
bcc01600.jpg,1,bcc
bcc00850.jpg,1,bcc
bcc01659.jpg,1,bcc
bcc00927.jpg,1,bcc
bcc01671.jpg,1,bcc
bcc01449.jpg,1,bcc
bcc01217.jpg,1,bcc
bcc00451.jpg,1,bcc
bcc00487.jpg,1,bcc
bcc01981.jpg,1,bcc
bcc00933.jpg,1,bcc
bcc01306.jpg,1,bcc
bcc01000.jpg,1,bcc
bcc00125.jpg,1,bcc
bcc01429.jpg,1,bcc
bcc00553.jpg,1,bcc
bcc00582.jpg,1,bcc
bcc00395.jpg,1,bcc
bcc01117.jpg,1,bcc
bcc00515.jpg,1,bcc
bcc01358.jpg,1,bcc
bcc00351.jpg,1,bcc
bcc01593.jpg,1,bcc
bcc00306.jpg,1,bcc
bcc00533.jpg,1,bcc
bcc01681.jpg,1,bcc
bcc01866.jpg,1,bcc
bcc00527.jpg,1,bcc
bcc01178.jpg,1,bcc
bcc01286.jpg,1,bcc
bcc00562.jpg,1,bcc
bcc01800.jpg,1,bcc
bcc01736.jpg,1,bcc
bcc00071.jpg,1,bcc
bcc00916.jpg,1,bcc
bcc01507.jpg,1,bcc
bcc00531.jpg,1,bcc
bcc00786.jpg,1,bcc
bcc00757.jpg,1,bcc
bcc01222.jpg,1,bcc
bcc01299.jpg,1,bcc
bcc00481.jpg,1,bcc
bcc01619.jpg,1,bcc
bcc00308.jpg,1,bcc
bcc00129.jpg,1,bcc
bcc00066.jpg,1,bcc
bcc00112.jpg,1,bcc
bcc00951.jpg,1,bcc
bcc00057.jpg,1,bcc
bcc01235.jpg,1,bcc
bcc01126.jpg,1,bcc
bcc00271.jpg,1,bcc
bcc01342.jpg,1,bcc
bcc01271.jpg,1,bcc
bcc01855.jpg,1,bcc
bcc01245.jpg,1,bcc
bcc00307.jpg,1,bcc
bcc01177.jpg,1,bcc
bcc00030.jpg,1,bcc
bcc00345.jpg,1,bcc
bcc01275.jpg,1,bcc
bcc01973.jpg,1,bcc
bcc00282.jpg,1,bcc
bcc01256.jpg,1,bcc
bcc00893.jpg,1,bcc
bcc01917.jpg,1,bcc
bcc01053.jpg,1,bcc
bcc00368.jpg,1,bcc
bcc01010.jpg,1,bcc
bcc00941.jpg,1,bcc
bcc00631.jpg,1,bcc
bcc00100.jpg,1,bcc
bcc00343.jpg,1,bcc
bcc00070.jpg,1,bcc
bcc00549.jpg,1,bcc
bcc01385.jpg,1,bcc
bcc01114.jpg,1,bcc
bcc01274.jpg,1,bcc
bcc00232.jpg,1,bcc
bcc00362.jpg,1,bcc
bcc01285.jpg,1,bcc
bcc00584.jpg,1,bcc
bcc01498.jpg,1,bcc
bcc00744.jpg,1,bcc
bcc01647.jpg,1,bcc
bcc01906.jpg,1,bcc
bcc01413.jpg,1,bcc
bcc01445.jpg,1,bcc
bcc00367.jpg,1,bcc
bcc01573.jpg,1,bcc
bcc00904.jpg,1,bcc
bcc01925.jpg,1,bcc
bcc01784.jpg,1,bcc
bcc01939.jpg,1,bcc
bcc00434.jpg,1,bcc
bcc00257.jpg,1,bcc
bcc01532.jpg,1,bcc
bcc01088.jpg,1,bcc
bcc00484.jpg,1,bcc
bcc00252.jpg,1,bcc
bcc01732.jpg,1,bcc
bcc01243.jpg,1,bcc
bcc00618.jpg,1,bcc
bcc01668.jpg,1,bcc
bcc01675.jpg,1,bcc
bcc00238.jpg,1,bcc
bcc00428.jpg,1,bcc
bcc01138.jpg,1,bcc
bcc01269.jpg,1,bcc
bcc01470.jpg,1,bcc
bcc01380.jpg,1,bcc
bcc01531.jpg,1,bcc
bcc01430.jpg,1,bcc
bcc01935.jpg,1,bcc
bcc00950.jpg,1,bcc
bcc01477.jpg,1,bcc
bcc01842.jpg,1,bcc
bcc01856.jpg,1,bcc
bcc00213.jpg,1,bcc
bcc01253.jpg,1,bcc
bcc01881.jpg,1,bcc
bcc01288.jpg,1,bcc
bcc01986.jpg,1,bcc
bcc00384.jpg,1,bcc
bcc01317.jpg,1,bcc
bcc01594.jpg,1,bcc
bcc00742.jpg,1,bcc
bcc00465.jpg,1,bcc
bcc00799.jpg,1,bcc
bcc01319.jpg,1,bcc
bcc00760.jpg,1,bcc
bcc00486.jpg,1,bcc
bcc01236.jpg,1,bcc
bcc01304.jpg,1,bcc
bcc00299.jpg,1,bcc
bcc00430.jpg,1,bcc
bcc01661.jpg,1,bcc
bcc01563.jpg,1,bcc
bcc00844.jpg,1,bcc
bcc00528.jpg,1,bcc
bcc01814.jpg,1,bcc
bcc01770.jpg,1,bcc
bcc00753.jpg,1,bcc
bcc00121.jpg,1,bcc
bcc01345.jpg,1,bcc
bcc01740.jpg,1,bcc
bcc00615.jpg,1,bcc
bcc01616.jpg,1,bcc
bcc00583.jpg,1,bcc
bcc00136.jpg,1,bcc
bcc01764.jpg,1,bcc
bcc00354.jpg,1,bcc
bcc01387.jpg,1,bcc
bcc00421.jpg,1,bcc
bcc00240.jpg,1,bcc
bcc01953.jpg,1,bcc
bcc00110.jpg,1,bcc
bcc00423.jpg,1,bcc
bcc00989.jpg,1,bcc
bcc00234.jpg,1,bcc
bcc01002.jpg,1,bcc
bcc00325.jpg,1,bcc
bcc01813.jpg,1,bcc
bcc01820.jpg,1,bcc
bcc01738.jpg,1,bcc
bcc01183.jpg,1,bcc
bcc00931.jpg,1,bcc
bcc01161.jpg,1,bcc
bcc00603.jpg,1,bcc
bcc00212.jpg,1,bcc
bcc00369.jpg,1,bcc
bcc00680.jpg,1,bcc
bcc01624.jpg,1,bcc
bcc00820.jpg,1,bcc
bcc00417.jpg,1,bcc
bcc01491.jpg,1,bcc
bcc01705.jpg,1,bcc
bcc00922.jpg,1,bcc
bcc01344.jpg,1,bcc
bcc01984.jpg,1,bcc
bcc00882.jpg,1,bcc
bcc01119.jpg,1,bcc
bcc00317.jpg,1,bcc
bcc00555.jpg,1,bcc
bcc01360.jpg,1,bcc
bcc01744.jpg,1,bcc
bcc00050.jpg,1,bcc
bcc01170.jpg,1,bcc
bcc00571.jpg,1,bcc
bcc01323.jpg,1,bcc
bcc01810.jpg,1,bcc
bcc01933.jpg,1,bcc
bcc01107.jpg,1,bcc
bcc00383.jpg,1,bcc
bcc00255.jpg,1,bcc
bcc00825.jpg,1,bcc
bcc00412.jpg,1,bcc
bcc00248.jpg,1,bcc
bcc00211.jpg,1,bcc
bcc01779.jpg,1,bcc
bcc01419.jpg,1,bcc
bcc00024.jpg,1,bcc
bcc00355.jpg,1,bcc
bcc00064.jpg,1,bcc
bcc00940.jpg,1,bcc
bcc00189.jpg,1,bcc
bcc01064.jpg,1,bcc
bcc01539.jpg,1,bcc
bcc01636.jpg,1,bcc
bcc00352.jpg,1,bcc
bcc01133.jpg,1,bcc
bcc00781.jpg,1,bcc
bcc00905.jpg,1,bcc
bcc00197.jpg,1,bcc
bcc00463.jpg,1,bcc
bcc00986.jpg,1,bcc
bcc01011.jpg,1,bcc
bcc01079.jpg,1,bcc
bcc00945.jpg,1,bcc
bcc00101.jpg,1,bcc
bcc01733.jpg,1,bcc
bcc01489.jpg,1,bcc
bcc01932.jpg,1,bcc
bcc00221.jpg,1,bcc
bcc01950.jpg,1,bcc
bcc01125.jpg,1,bcc
bcc01086.jpg,1,bcc
bcc00608.jpg,1,bcc
bcc01227.jpg,1,bcc
bcc01024.jpg,1,bcc
bcc01252.jpg,1,bcc
bcc01305.jpg,1,bcc
bcc01472.jpg,1,bcc
bcc00988.jpg,1,bcc
bcc01517.jpg,1,bcc
bcc01847.jpg,1,bcc
bcc01560.jpg,1,bcc
bcc00116.jpg,1,bcc
bcc00620.jpg,1,bcc
bcc00837.jpg,1,bcc
bcc01561.jpg,1,bcc
bcc01557.jpg,1,bcc
bcc01406.jpg,1,bcc
bcc01103.jpg,1,bcc
bcc01588.jpg,1,bcc
bcc01937.jpg,1,bcc
bcc01928.jpg,1,bcc
bcc01915.jpg,1,bcc
bcc00496.jpg,1,bcc
bcc01272.jpg,1,bcc
bcc01756.jpg,1,bcc
bcc00174.jpg,1,bcc
bcc00353.jpg,1,bcc
bcc00991.jpg,1,bcc
bcc01458.jpg,1,bcc
bcc00079.jpg,1,bcc
bcc00819.jpg,1,bcc
bcc00033.jpg,1,bcc
bcc00597.jpg,1,bcc
bcc00937.jpg,1,bcc
bcc00375.jpg,1,bcc
bcc00906.jpg,1,bcc
bcc00164.jpg,1,bcc
bcc00204.jpg,1,bcc
bcc00711.jpg,1,bcc
bcc00276.jpg,1,bcc
bcc00788.jpg,1,bcc
bcc00789.jpg,1,bcc
bcc01959.jpg,1,bcc
bcc00439.jpg,1,bcc
bcc00298.jpg,1,bcc
bcc00290.jpg,1,bcc
bcc01369.jpg,1,bcc
bcc00219.jpg,1,bcc
bcc01924.jpg,1,bcc
bcc01724.jpg,1,bcc
bcc01643.jpg,1,bcc
bcc01302.jpg,1,bcc
bcc00706.jpg,1,bcc
bcc00060.jpg,1,bcc
bcc01553.jpg,1,bcc
bcc01308.jpg,1,bcc
bcc00074.jpg,1,bcc
bcc00163.jpg,1,bcc
bcc01134.jpg,1,bcc
bcc00520.jpg,1,bcc
bcc01884.jpg,1,bcc
bcc01044.jpg,1,bcc
bcc00589.jpg,1,bcc
bcc01508.jpg,1,bcc
bcc00046.jpg,1,bcc
bcc01310.jpg,1,bcc
bcc00778.jpg,1,bcc
bcc01035.jpg,1,bcc
bcc00545.jpg,1,bcc
bcc00077.jpg,1,bcc
bcc01910.jpg,1,bcc
bcc01543.jpg,1,bcc
bcc01315.jpg,1,bcc
bcc01549.jpg,1,bcc
bcc01289.jpg,1,bcc
bcc01641.jpg,1,bcc
bcc00938.jpg,1,bcc
bcc00031.jpg,1,bcc
bcc01090.jpg,1,bcc
bcc01081.jpg,1,bcc
bcc00830.jpg,1,bcc
bcc01623.jpg,1,bcc
bcc01108.jpg,1,bcc
bcc01669.jpg,1,bcc
bcc01545.jpg,1,bcc
bcc01562.jpg,1,bcc
bcc01241.jpg,1,bcc
bcc01568.jpg,1,bcc
bcc00045.jpg,1,bcc
bcc00539.jpg,1,bcc
bcc00169.jpg,1,bcc
bcc00304.jpg,1,bcc
bcc01264.jpg,1,bcc
bcc01377.jpg,1,bcc
bcc01918.jpg,1,bcc
bcc01386.jpg,1,bcc
bcc01363.jpg,1,bcc
bcc00655.jpg,1,bcc
bcc00652.jpg,1,bcc
bcc00580.jpg,1,bcc
bcc00758.jpg,1,bcc
bcc00454.jpg,1,bcc
bcc01436.jpg,1,bcc
bcc01584.jpg,1,bcc
bcc00573.jpg,1,bcc
bcc00186.jpg,1,bcc
bcc01332.jpg,1,bcc
bcc00536.jpg,1,bcc
bcc01232.jpg,1,bcc
bcc01913.jpg,1,bcc
bcc00994.jpg,1,bcc
bcc00707.jpg,1,bcc
bcc01822.jpg,1,bcc
bcc01595.jpg,1,bcc
bcc01270.jpg,1,bcc
bcc01926.jpg,1,bcc
bcc01361.jpg,1,bcc
bcc00974.jpg,1,bcc
bcc00176.jpg,1,bcc
bcc00479.jpg,1,bcc
bcc01612.jpg,1,bcc
bcc01605.jpg,1,bcc
bcc00124.jpg,1,bcc
bcc01008.jpg,1,bcc
bcc00394.jpg,1,bcc
bcc00731.jpg,1,bcc
bcc01287.jpg,1,bcc
bcc01106.jpg,1,bcc
bcc00923.jpg,1,bcc
bcc00332.jpg,1,bcc
bcc01356.jpg,1,bcc
bcc00195.jpg,1,bcc
bcc01248.jpg,1,bcc
bcc01365.jpg,1,bcc
bcc01717.jpg,1,bcc
bcc00323.jpg,1,bcc
bcc01794.jpg,1,bcc
bcc00267.jpg,1,bcc
bcc00508.jpg,1,bcc
bcc01426.jpg,1,bcc
bcc00068.jpg,1,bcc
bcc00999.jpg,1,bcc
bcc00535.jpg,1,bcc
bcc01164.jpg,1,bcc
bcc01104.jpg,1,bcc
bcc00472.jpg,1,bcc
bcc01407.jpg,1,bcc
bcc01682.jpg,1,bcc
bcc01678.jpg,1,bcc
bcc01488.jpg,1,bcc
bcc00783.jpg,1,bcc
bcc01629.jpg,1,bcc
bcc00694.jpg,1,bcc
bcc00568.jpg,1,bcc
bcc01816.jpg,1,bcc
bcc00773.jpg,1,bcc
bcc00611.jpg,1,bcc
bcc01526.jpg,1,bcc
bcc01574.jpg,1,bcc
bcc01653.jpg,1,bcc
bcc01231.jpg,1,bcc
bcc00728.jpg,1,bcc
bcc00651.jpg,1,bcc
bcc01944.jpg,1,bcc
bcc01403.jpg,1,bcc
bcc00910.jpg,1,bcc
bcc00262.jpg,1,bcc
bcc00577.jpg,1,bcc
bcc00964.jpg,1,bcc
bcc00241.jpg,1,bcc
bcc01379.jpg,1,bcc
bcc01827.jpg,1,bcc
bcc00679.jpg,1,bcc
bcc01084.jpg,1,bcc
bcc01559.jpg,1,bcc
bcc00366.jpg,1,bcc
bcc01845.jpg,1,bcc
bcc01238.jpg,1,bcc
bcc00586.jpg,1,bcc
bcc00734.jpg,1,bcc
bcc00495.jpg,1,bcc
bcc01510.jpg,1,bcc
bcc00072.jpg,1,bcc
bcc01074.jpg,1,bcc
bcc00260.jpg,1,bcc
bcc00052.jpg,1,bcc
bcc00199.jpg,1,bcc
bcc00860.jpg,1,bcc
bcc00839.jpg,1,bcc
bcc00333.jpg,1,bcc
bcc01775.jpg,1,bcc
bcc00591.jpg,1,bcc
bcc00433.jpg,1,bcc
bcc01318.jpg,1,bcc
bcc00949.jpg,1,bcc
bcc01408.jpg,1,bcc
bcc01062.jpg,1,bcc
bcc01233.jpg,1,bcc
bcc00427.jpg,1,bcc
bcc01602.jpg,1,bcc
bcc00746.jpg,1,bcc
bcc00621.jpg,1,bcc
bcc00977.jpg,1,bcc
bcc01970.jpg,1,bcc
bcc01565.jpg,1,bcc
bcc00721.jpg,1,bcc
bcc00399.jpg,1,bcc
bcc01840.jpg,1,bcc
bcc00437.jpg,1,bcc
bcc00193.jpg,1,bcc
bcc01798.jpg,1,bcc
bcc00612.jpg,1,bcc
bcc00987.jpg,1,bcc
bcc00619.jpg,1,bcc
bcc01422.jpg,1,bcc
bcc01674.jpg,1,bcc
bcc01092.jpg,1,bcc
bcc00142.jpg,1,bcc
bcc01878.jpg,1,bcc
bcc00003.jpg,1,bcc
bcc01546.jpg,1,bcc
bcc01863.jpg,1,bcc
bcc01320.jpg,1,bcc
bcc00340.jpg,1,bcc
bcc00737.jpg,1,bcc
bcc01868.jpg,1,bcc
bcc00480.jpg,1,bcc
bcc00266.jpg,1,bcc
bcc00377.jpg,1,bcc
bcc01550.jpg,1,bcc
bcc01691.jpg,1,bcc
bcc00440.jpg,1,bcc
bcc00272.jpg,1,bcc
bcc00185.jpg,1,bcc
bcc01324.jpg,1,bcc
bcc00245.jpg,1,bcc
bcc00544.jpg,1,bcc
bcc00446.jpg,1,bcc
bcc00594.jpg,1,bcc
bcc00814.jpg,1,bcc
bcc01393.jpg,1,bcc
bcc00908.jpg,1,bcc
bcc00713.jpg,1,bcc
bcc00705.jpg,1,bcc
bcc00416.jpg,1,bcc
bcc00274.jpg,1,bcc
bcc01353.jpg,1,bcc
bcc01481.jpg,1,bcc
bcc01450.jpg,1,bcc
bcc00251.jpg,1,bcc
bcc00414.jpg,1,bcc
bcc00614.jpg,1,bcc
bcc01303.jpg,1,bcc
bcc01642.jpg,1,bcc
bcc00311.jpg,1,bcc
bcc01329.jpg,1,bcc
bcc00382.jpg,1,bcc
bcc00967.jpg,1,bcc
bcc00426.jpg,1,bcc
bcc00530.jpg,1,bcc
bcc01059.jpg,1,bcc
bcc01648.jpg,1,bcc
bcc01352.jpg,1,bcc
bcc00409.jpg,1,bcc
bcc01609.jpg,1,bcc
bcc01548.jpg,1,bcc
bcc01746.jpg,1,bcc
bcc00932.jpg,1,bcc
bcc01931.jpg,1,bcc
bcc01992.jpg,1,bcc
bcc01454.jpg,1,bcc
bkl01122.jpg,1,bkl
bkl00812.jpg,1,bkl
bkl01173.jpg,1,bkl
bkl00535.jpg,1,bkl
bkl00515.jpg,1,bkl
bkl01524.jpg,1,bkl
bkl00523.jpg,1,bkl
bkl00275.jpg,1,bkl
bkl00495.jpg,1,bkl
bkl00066.jpg,1,bkl
bkl00671.jpg,1,bkl
bkl00977.jpg,1,bkl
bkl00721.jpg,1,bkl
bkl01113.jpg,1,bkl
bkl01302.jpg,1,bkl
bkl01192.jpg,1,bkl
bkl00352.jpg,1,bkl
bkl01056.jpg,1,bkl
bkl00030.jpg,1,bkl
bkl00031.jpg,1,bkl
bkl01544.jpg,1,bkl
bkl01566.jpg,1,bkl
bkl00528.jpg,1,bkl
bkl00782.jpg,1,bkl
bkl01403.jpg,1,bkl
bkl00804.jpg,1,bkl
bkl01141.jpg,1,bkl
bkl00325.jpg,1,bkl
bkl00708.jpg,1,bkl
bkl00890.jpg,1,bkl
bkl00060.jpg,1,bkl
bkl01354.jpg,1,bkl
bkl01494.jpg,1,bkl
bkl00818.jpg,1,bkl
bkl00786.jpg,1,bkl
bkl00706.jpg,1,bkl
bkl01054.jpg,1,bkl
bkl00680.jpg,1,bkl
bkl00501.jpg,1,bkl
bkl00024.jpg,1,bkl
bkl00375.jpg,1,bkl
bkl00033.jpg,1,bkl
bkl01175.jpg,1,bkl
bkl01301.jpg,1,bkl
bkl00602.jpg,1,bkl
bkl01499.jpg,1,bkl
bkl00781.jpg,1,bkl
bkl00345.jpg,1,bkl
bkl01005.jpg,1,bkl
bkl01226.jpg,1,bkl
bkl00174.jpg,1,bkl
bkl01489.jpg,1,bkl
bkl00381.jpg,1,bkl
bkl00627.jpg,1,bkl
bkl00987.jpg,1,bkl
bkl01561.jpg,1,bkl
bkl00705.jpg,1,bkl
bkl00142.jpg,1,bkl
bkl01270.jpg,1,bkl
bkl00240.jpg,1,bkl
bkl01143.jpg,1,bkl
bkl00163.jpg,1,bkl
bkl00986.jpg,1,bkl
bkl01165.jpg,1,bkl
bkl01279.jpg,1,bkl
bkl01277.jpg,1,bkl
bkl01188.jpg,1,bkl
bkl00221.jpg,1,bkl
bkl01179.jpg,1,bkl
bkl00439.jpg,1,bkl
bkl00384.jpg,1,bkl
bkl00299.jpg,1,bkl
bkl00248.jpg,1,bkl
bkl00712.jpg,1,bkl
bkl01190.jpg,1,bkl
bkl01138.jpg,1,bkl
bkl00262.jpg,1,bkl
bkl00514.jpg,1,bkl
bkl00333.jpg,1,bkl
bkl01351.jpg,1,bkl
bkl00469.jpg,1,bkl
bkl01169.jpg,1,bkl
bkl00536.jpg,1,bkl
bkl01229.jpg,1,bkl
bkl00340.jpg,1,bkl
bkl00552.jpg,1,bkl
bkl00433.jpg,1,bkl
bkl00789.jpg,1,bkl
bkl00799.jpg,1,bkl
bkl00050.jpg,1,bkl
bkl00245.jpg,1,bkl
bkl00533.jpg,1,bkl
bkl00355.jpg,1,bkl
bkl01311.jpg,1,bkl
bkl01114.jpg,1,bkl
bkl00298.jpg,1,bkl
bkl00603.jpg,1,bkl
bkl00204.jpg,1,bkl
bkl00100.jpg,1,bkl
bkl00599.jpg,1,bkl
bkl00651.jpg,1,bkl
bkl00622.jpg,1,bkl
bkl00304.jpg,1,bkl
bkl01557.jpg,1,bkl
bkl01296.jpg,1,bkl
bkl00452.jpg,1,bkl
bkl00742.jpg,1,bkl
bkl00482.jpg,1,bkl
bkl00382.jpg,1,bkl
bkl00125.jpg,1,bkl
bkl00276.jpg,1,bkl
bkl00343.jpg,1,bkl
bkl00186.jpg,1,bkl
bkl00185.jpg,1,bkl
bkl00301.jpg,1,bkl
bkl00052.jpg,1,bkl
bkl00071.jpg,1,bkl
bkl01390.jpg,1,bkl
bkl00681.jpg,1,bkl
bkl00077.jpg,1,bkl
bkl00519.jpg,1,bkl
bkl01541.jpg,1,bkl
bkl00991.jpg,1,bkl
bkl00252.jpg,1,bkl
bkl00637.jpg,1,bkl
bkl01068.jpg,1,bkl
bkl00813.jpg,1,bkl
bkl00070.jpg,1,bkl
bkl00124.jpg,1,bkl
bkl00778.jpg,1,bkl
bkl00136.jpg,1,bkl
bkl01088.jpg,1,bkl
bkl00695.jpg,1,bkl
bkl01484.jpg,1,bkl
bkl01230.jpg,1,bkl
bkl01415.jpg,1,bkl
bkl00068.jpg,1,bkl
bkl01526.jpg,1,bkl
bkl00715.jpg,1,bkl
bkl00901.jpg,1,bkl
bkl01014.jpg,1,bkl
bkl00555.jpg,1,bkl
bkl00454.jpg,1,bkl
bkl01466.jpg,1,bkl
bkl00787.jpg,1,bkl
bkl01112.jpg,1,bkl
bkl00238.jpg,1,bkl
bkl01205.jpg,1,bkl
bkl00353.jpg,1,bkl
bkl01035.jpg,1,bkl
bkl01361.jpg,1,bkl
bkl00372.jpg,1,bkl
bkl00416.jpg,1,bkl
bkl00756.jpg,1,bkl
bkl00616.jpg,1,bkl
bkl00918.jpg,1,bkl
bkl00917.jpg,1,bkl
bkl01058.jpg,1,bkl
bkl00169.jpg,1,bkl
bkl00199.jpg,1,bkl
bkl01424.jpg,1,bkl
bkl00428.jpg,1,bkl
bkl00635.jpg,1,bkl
bkl00842.jpg,1,bkl
bkl01556.jpg,1,bkl
bkl00332.jpg,1,bkl
bkl01508.jpg,1,bkl
bkl00317.jpg,1,bkl
bkl00412.jpg,1,bkl
bkl00783.jpg,1,bkl
bkl01075.jpg,1,bkl
bkl00260.jpg,1,bkl
bkl00835.jpg,1,bkl
bkl00045.jpg,1,bkl
bkl00241.jpg,1,bkl
bkl00290.jpg,1,bkl
bkl00753.jpg,1,bkl
bkl00675.jpg,1,bkl
bkl00545.jpg,1,bkl
bkl00910.jpg,1,bkl
bkl00307.jpg,1,bkl
bkl01023.jpg,1,bkl
bkl00116.jpg,1,bkl
bkl00351.jpg,1,bkl
bkl01502.jpg,1,bkl
bkl01098.jpg,1,bkl
bkl00176.jpg,1,bkl
bkl00768.jpg,1,bkl
bkl00484.jpg,1,bkl
bkl00362.jpg,1,bkl
bkl01505.jpg,1,bkl
bkl00079.jpg,1,bkl
bkl00942.jpg,1,bkl
bkl01506.jpg,1,bkl
bkl00701.jpg,1,bkl
bkl01535.jpg,1,bkl
bkl00949.jpg,1,bkl
bkl00932.jpg,1,bkl
bkl00016.jpg,1,bkl
bkl00619.jpg,1,bkl
bkl00423.jpg,1,bkl
bkl00383.jpg,1,bkl
bkl01011.jpg,1,bkl
bkl01266.jpg,1,bkl
bkl01115.jpg,1,bkl
bkl01564.jpg,1,bkl
bkl00584.jpg,1,bkl
bkl00887.jpg,1,bkl
bkl00608.jpg,1,bkl
bkl01386.jpg,1,bkl
bkl00200.jpg,1,bkl
bkl01135.jpg,1,bkl
bkl01313.jpg,1,bkl
bkl00669.jpg,1,bkl
bkl00310.jpg,1,bkl
bkl00808.jpg,1,bkl
bkl01074.jpg,1,bkl
bkl00837.jpg,1,bkl
bkl00866.jpg,1,bkl
bkl00544.jpg,1,bkl
bkl00979.jpg,1,bkl
bkl01400.jpg,1,bkl
bkl00938.jpg,1,bkl
bkl00539.jpg,1,bkl
bkl00591.jpg,1,bkl
bkl00057.jpg,1,bkl
bkl00074.jpg,1,bkl
bkl00530.jpg,1,bkl
bkl00434.jpg,1,bkl
bkl01570.jpg,1,bkl
bkl00711.jpg,1,bkl
bkl00044.jpg,1,bkl
bkl00571.jpg,1,bkl
bkl00417.jpg,1,bkl
bkl01038.jpg,1,bkl
bkl00271.jpg,1,bkl
bkl00102.jpg,1,bkl
bkl01030.jpg,1,bkl
bkl01519.jpg,1,bkl
bkl01090.jpg,1,bkl
bkl00108.jpg,1,bkl
bkl00426.jpg,1,bkl
bkl00908.jpg,1,bkl
bkl01210.jpg,1,bkl
bkl01146.jpg,1,bkl
bkl01404.jpg,1,bkl
bkl01007.jpg,1,bkl
bkl01102.jpg,1,bkl
bkl01259.jpg,1,bkl
bkl00171.jpg,1,bkl
bkl01121.jpg,1,bkl
bkl01427.jpg,1,bkl
bkl00129.jpg,1,bkl
bkl00367.jpg,1,bkl
bkl00650.jpg,1,bkl
bkl00620.jpg,1,bkl
bkl01278.jpg,1,bkl
bkl01197.jpg,1,bkl
bkl00406.jpg,1,bkl
bkl01540.jpg,1,bkl
bkl00272.jpg,1,bkl
bkl01472.jpg,1,bkl
bkl00395.jpg,1,bkl
bkl00354.jpg,1,bkl
bkl00846.jpg,1,bkl
bkl00630.jpg,1,bkl
bkl01228.jpg,1,bkl
bkl00486.jpg,1,bkl
bkl00859.jpg,1,bkl
bkl01430.jpg,1,bkl
bkl01034.jpg,1,bkl
bkl01362.jpg,1,bkl
bkl00232.jpg,1,bkl
bkl01348.jpg,1,bkl
bkl00585.jpg,1,bkl
bkl00164.jpg,1,bkl
bkl00821.jpg,1,bkl
bkl00507.jpg,1,bkl
bkl01050.jpg,1,bkl
bkl01001.jpg,1,bkl
bkl01248.jpg,1,bkl
bkl00193.jpg,1,bkl
bkl00939.jpg,1,bkl
bkl00064.jpg,1,bkl
bkl01161.jpg,1,bkl
bkl00944.jpg,1,bkl
bkl00998.jpg,1,bkl
bkl01171.jpg,1,bkl
bkl01520.jpg,1,bkl
bkl00840.jpg,1,bkl
bkl01569.jpg,1,bkl
bkl00615.jpg,1,bkl
bkl00219.jpg,1,bkl
bkl00529.jpg,1,bkl
bkl00287.jpg,1,bkl
bkl01273.jpg,1,bkl
bkl00480.jpg,1,bkl
bkl01044.jpg,1,bkl
bkl01252.jpg,1,bkl
bkl01299.jpg,1,bkl
bkl01106.jpg,1,bkl
bkl00465.jpg,1,bkl
bkl00683.jpg,1,bkl
bkl00933.jpg,1,bkl
bkl01481.jpg,1,bkl
bkl00611.jpg,1,bkl
bkl01393.jpg,1,bkl
bkl00472.jpg,1,bkl
bkl01170.jpg,1,bkl
bkl00440.jpg,1,bkl
bkl00817.jpg,1,bkl
bkl00888.jpg,1,bkl
bkl01211.jpg,1,bkl
bkl00661.jpg,1,bkl
bkl01525.jpg,1,bkl
bkl01471.jpg,1,bkl
bkl00278.jpg,1,bkl
bkl01350.jpg,1,bkl
bkl00927.jpg,1,bkl
bkl00775.jpg,1,bkl
bkl00237.jpg,1,bkl
bkl00655.jpg,1,bkl
bkl01317.jpg,1,bkl
bkl01517.jpg,1,bkl
bkl00487.jpg,1,bkl
bkl01091.jpg,1,bkl
bkl00209.jpg,1,bkl
bkl00429.jpg,1,bkl
bkl01347.jpg,1,bkl
bkl00463.jpg,1,bkl
bkl00059.jpg,1,bkl
bkl00368.jpg,1,bkl
bkl00576.jpg,1,bkl
bkl00483.jpg,1,bkl
bkl00803.jpg,1,bkl
bkl01303.jpg,1,bkl
bkl01462.jpg,1,bkl
bkl01272.jpg,1,bkl
bkl01051.jpg,1,bkl
bkl00915.jpg,1,bkl
bkl00293.jpg,1,bkl
bkl01416.jpg,1,bkl
bkl01213.jpg,1,bkl
bkl00904.jpg,1,bkl
bkl00773.jpg,1,bkl
bkl00234.jpg,1,bkl
bkl01019.jpg,1,bkl
bkl00197.jpg,1,bkl
bkl00731.jpg,1,bkl
bkl01324.jpg,1,bkl
bkl00082.jpg,1,bkl
bkl01474.jpg,1,bkl
bkl00421.jpg,1,bkl
bkl01215.jpg,1,bkl
bkl00112.jpg,1,bkl
bkl01342.jpg,1,bkl
bkl01340.jpg,1,bkl
bkl01332.jpg,1,bkl
bkl01156.jpg,1,bkl
bkl01330.jpg,1,bkl
bkl01262.jpg,1,bkl
bkl00716.jpg,1,bkl
bkl00311.jpg,1,bkl
bkl00652.jpg,1,bkl
bkl01447.jpg,1,bkl
bkl00589.jpg,1,bkl
bkl01553.jpg,1,bkl
bkl01168.jpg,1,bkl
bkl01041.jpg,1,bkl
bkl00414.jpg,1,bkl
bkl01562.jpg,1,bkl
bkl01186.jpg,1,bkl
bkl01256.jpg,1,bkl
bkl00766.jpg,1,bkl
bkl01510.jpg,1,bkl
bkl00874.jpg,1,bkl
bkl00597.jpg,1,bkl
bkl01107.jpg,1,bkl
bkl00592.jpg,1,bkl
bkl00745.jpg,1,bkl
bkl01418.jpg,1,bkl
bkl00839.jpg,1,bkl
bkl00328.jpg,1,bkl
bkl00255.jpg,1,bkl
bkl00323.jpg,1,bkl
bkl01147.jpg,1,bkl
bkl00809.jpg,1,bkl
bkl00990.jpg,1,bkl
bkl00951.jpg,1,bkl
bkl01461.jpg,1,bkl
bkl00937.jpg,1,bkl
bkl01339.jpg,1,bkl
bkl00693.jpg,1,bkl
bkl00087.jpg,1,bkl
bkl01109.jpg,1,bkl
bkl01491.jpg,1,bkl
bkl00366.jpg,1,bkl
bkl00266.jpg,1,bkl
bkl00288.jpg,1,bkl
bkl01558.jpg,1,bkl
bkl00359.jpg,1,bkl
bkl01037.jpg,1,bkl
bkl01294.jpg,1,bkl
bkl00882.jpg,1,bkl
bkl00583.jpg,1,bkl
bkl00494.jpg,1,bkl
bkl00810.jpg,1,bkl
bkl00222.jpg,1,bkl
bkl00114.jpg,1,bkl
bkl00629.jpg,1,bkl
bkl01285.jpg,1,bkl
bkl00175.jpg,1,bkl
bkl00491.jpg,1,bkl
bkl00586.jpg,1,bkl
bkl00430.jpg,1,bkl
bkl01236.jpg,1,bkl
bkl00019.jpg,1,bkl
bkl01055.jpg,1,bkl
bkl00286.jpg,1,bkl
bkl00965.jpg,1,bkl
bkl01371.jpg,1,bkl
bkl01316.jpg,1,bkl
bkl00032.jpg,1,bkl
bkl01095.jpg,1,bkl
bkl00211.jpg,1,bkl
bkl01306.jpg,1,bkl
bkl00215.jpg,1,bkl
bkl00549.jpg,1,bkl
bkl00899.jpg,1,bkl
bkl01308.jpg,1,bkl
bkl00327.jpg,1,bkl
bkl00621.jpg,1,bkl
bkl01515.jpg,1,bkl
bkl00189.jpg,1,bkl
bkl01381.jpg,1,bkl
bkl00342.jpg,1,bkl
bkl00598.jpg,1,bkl
bkl00148.jpg,1,bkl
bkl01199.jpg,1,bkl
bkl01238.jpg,1,bkl
bkl00084.jpg,1,bkl
bkl01080.jpg,1,bkl
bkl00049.jpg,1,bkl
bkl01341.jpg,1,bkl
bkl00156.jpg,1,bkl
bkl00479.jpg,1,bkl
bkl01198.jpg,1,bkl
bkl01297.jpg,1,bkl
bkl01377.jpg,1,bkl
bkl01152.jpg,1,bkl
bkl01380.jpg,1,bkl
bkl01555.jpg,1,bkl
bkl00568.jpg,1,bkl
bkl00180.jpg,1,bkl
bkl01059.jpg,1,bkl
bkl01245.jpg,1,bkl
bkl01310.jpg,1,bkl
bkl00498.jpg,1,bkl
bkl00959.jpg,1,bkl
bkl00907.jpg,1,bkl
bkl00364.jpg,1,bkl
bkl00673.jpg,1,bkl
bkl00427.jpg,1,bkl
bkl01237.jpg,1,bkl
bkl01260.jpg,1,bkl
bkl00347.jpg,1,bkl
bkl01092.jpg,1,bkl
bkl01467.jpg,1,bkl
bkl00567.jpg,1,bkl
bkl00722.jpg,1,bkl
bkl01358.jpg,1,bkl
bkl00940.jpg,1,bkl
bkl01284.jpg,1,bkl
bkl00694.jpg,1,bkl
bkl00244.jpg,1,bkl
bkl00893.jpg,1,bkl
bkl00590.jpg,1,bkl
bkl00678.jpg,1,bkl
bkl00847.jpg,1,bkl
bkl00989.jpg,1,bkl
bkl00496.jpg,1,bkl
bkl00436.jpg,1,bkl
bkl01490.jpg,1,bkl
bkl00600.jpg,1,bkl
bkl00309.jpg,1,bkl
bkl00862.jpg,1,bkl
bkl00431.jpg,1,bkl
bkl00980.jpg,1,bkl
bkl00399.jpg,1,bkl
bkl00424.jpg,1,bkl
bkl00371.jpg,1,bkl
bkl00055.jpg,1,bkl
bkl00844.jpg,1,bkl
bkl00612.jpg,1,bkl
bkl01232.jpg,1,bkl
bkl00313.jpg,1,bkl
bkl01281.jpg,1,bkl
bkl01024.jpg,1,bkl
bkl01220.jpg,1,bkl
bkl00110.jpg,1,bkl
mel00507.jpg,1,mel
mel01536.jpg,1,mel
mel01906.jpg,1,mel
mel00931.jpg,1,mel
mel02677.jpg,1,mel
mel00283.jpg,1,mel
mel00415.jpg,1,mel
mel01186.jpg,1,mel
mel02372.jpg,1,mel
mel02673.jpg,1,mel
mel00808.jpg,1,mel
mel01006.jpg,1,mel
mel01062.jpg,1,mel
mel00403.jpg,1,mel
mel01175.jpg,1,mel
mel02092.jpg,1,mel
mel00938.jpg,1,mel
mel02657.jpg,1,mel
mel02633.jpg,1,mel
mel00480.jpg,1,mel
mel01953.jpg,1,mel
mel01989.jpg,1,mel
mel01223.jpg,1,mel
mel02584.jpg,1,mel
mel00597.jpg,1,mel
mel02193.jpg,1,mel
mel00606.jpg,1,mel
mel01381.jpg,1,mel
mel01034.jpg,1,mel
mel01887.jpg,1,mel
mel01419.jpg,1,mel
mel02616.jpg,1,mel
mel02081.jpg,1,mel
mel01432.jpg,1,mel
mel00457.jpg,1,mel
mel00545.jpg,1,mel
mel02698.jpg,1,mel
mel00835.jpg,1,mel
mel00708.jpg,1,mel
mel00394.jpg,1,mel
mel00081.jpg,1,mel
mel00811.jpg,1,mel
mel01463.jpg,1,mel
mel01445.jpg,1,mel
mel00142.jpg,1,mel
mel01890.jpg,1,mel
mel02601.jpg,1,mel
mel02187.jpg,1,mel
mel02088.jpg,1,mel
mel00569.jpg,1,mel
mel00768.jpg,1,mel
mel01539.jpg,1,mel
mel02109.jpg,1,mel
mel01875.jpg,1,mel
mel00913.jpg,1,mel
mel00212.jpg,1,mel
mel00074.jpg,1,mel
mel00912.jpg,1,mel
mel02468.jpg,1,mel
mel01965.jpg,1,mel
mel00508.jpg,1,mel
mel00945.jpg,1,mel
mel00271.jpg,1,mel
mel01069.jpg,1,mel
mel01703.jpg,1,mel
mel00292.jpg,1,mel
mel01365.jpg,1,mel
mel00434.jpg,1,mel
mel00176.jpg,1,mel
mel01197.jpg,1,mel
mel02016.jpg,1,mel
mel01858.jpg,1,mel
mel02626.jpg,1,mel
mel02263.jpg,1,mel
mel02155.jpg,1,mel
mel02554.jpg,1,mel
mel01901.jpg,1,mel
mel02331.jpg,1,mel
mel00409.jpg,1,mel
mel02408.jpg,1,mel
mel00529.jpg,1,mel
mel02423.jpg,1,mel
mel01714.jpg,1,mel
mel00941.jpg,1,mel
mel00841.jpg,1,mel
mel01310.jpg,1,mel
mel02663.jpg,1,mel
mel02552.jpg,1,mel
mel00033.jpg,1,mel
mel02347.jpg,1,mel
mel02306.jpg,1,mel
mel02321.jpg,1,mel
mel02017.jpg,1,mel
mel00891.jpg,1,mel
mel01191.jpg,1,mel
mel02415.jpg,1,mel
mel00240.jpg,1,mel
mel00440.jpg,1,mel
mel00094.jpg,1,mel
mel00045.jpg,1,mel
mel00325.jpg,1,mel
mel02214.jpg,1,mel
mel01897.jpg,1,mel
mel01222.jpg,1,mel
mel02218.jpg,1,mel
mel00582.jpg,1,mel
mel01548.jpg,1,mel
mel02520.jpg,1,mel
mel01691.jpg,1,mel
mel00858.jpg,1,mel
mel00297.jpg,1,mel
mel01128.jpg,1,mel
mel00411.jpg,1,mel
mel00756.jpg,1,mel
mel00784.jpg,1,mel
mel00760.jpg,1,mel
mel00195.jpg,1,mel
mel01059.jpg,1,mel
mel02551.jpg,1,mel
mel02131.jpg,1,mel
mel00197.jpg,1,mel
mel00519.jpg,1,mel
mel02021.jpg,1,mel
mel02424.jpg,1,mel
mel01512.jpg,1,mel
mel01790.jpg,1,mel
mel01619.jpg,1,mel
mel01411.jpg,1,mel
mel01881.jpg,1,mel
mel02365.jpg,1,mel
mel01583.jpg,1,mel
mel02012.jpg,1,mel
mel00678.jpg,1,mel
mel00071.jpg,1,mel
mel01284.jpg,1,mel
mel00299.jpg,1,mel
mel00603.jpg,1,mel
mel00057.jpg,1,mel
mel01458.jpg,1,mel
mel01624.jpg,1,mel
mel02020.jpg,1,mel
mel01667.jpg,1,mel
mel01721.jpg,1,mel
mel00932.jpg,1,mel
mel02322.jpg,1,mel
mel00510.jpg,1,mel
mel00839.jpg,1,mel
mel00125.jpg,1,mel
mel01028.jpg,1,mel
mel01271.jpg,1,mel
mel00795.jpg,1,mel
mel00412.jpg,1,mel
mel01781.jpg,1,mel
mel02185.jpg,1,mel
mel01451.jpg,1,mel
mel00433.jpg,1,mel
mel01519.jpg,1,mel
mel02074.jpg,1,mel
mel01422.jpg,1,mel
mel02383.jpg,1,mel
mel01238.jpg,1,mel
mel00565.jpg,1,mel
mel01918.jpg,1,mel
mel02549.jpg,1,mel
mel02349.jpg,1,mel
mel01912.jpg,1,mel
mel01988.jpg,1,mel
mel00965.jpg,1,mel
mel00479.jpg,1,mel
mel01895.jpg,1,mel
mel02475.jpg,1,mel
mel00786.jpg,1,mel
mel01806.jpg,1,mel
mel01503.jpg,1,mel
mel02491.jpg,1,mel
mel02023.jpg,1,mel
mel00064.jpg,1,mel
mel01101.jpg,1,mel
mel01780.jpg,1,mel
mel01426.jpg,1,mel
mel00421.jpg,1,mel
mel01652.jpg,1,mel
mel01190.jpg,1,mel
mel01919.jpg,1,mel
mel01358.jpg,1,mel
mel02508.jpg,1,mel
mel00234.jpg,1,mel
mel01534.jpg,1,mel
mel00928.jpg,1,mel
mel02234.jpg,1,mel
mel01065.jpg,1,mel
mel02462.jpg,1,mel
mel00875.jpg,1,mel
mel00030.jpg,1,mel
mel02621.jpg,1,mel
mel01690.jpg,1,mel
mel01290.jpg,1,mel
mel02287.jpg,1,mel
mel01514.jpg,1,mel
mel01361.jpg,1,mel
mel00791.jpg,1,mel
mel00323.jpg,1,mel
mel00189.jpg,1,mel
mel00832.jpg,1,mel
mel00171.jpg,1,mel
mel01098.jpg,1,mel
mel02051.jpg,1,mel
mel00044.jpg,1,mel
mel00088.jpg,1,mel
mel00368.jpg,1,mel
mel02651.jpg,1,mel
mel01085.jpg,1,mel
mel01877.jpg,1,mel
mel01436.jpg,1,mel
mel02153.jpg,1,mel
mel01934.jpg,1,mel
mel01833.jpg,1,mel
mel00369.jpg,1,mel
mel02343.jpg,1,mel
mel02355.jpg,1,mel
mel00633.jpg,1,mel
mel01291.jpg,1,mel
mel01279.jpg,1,mel
mel00987.jpg,1,mel
mel01323.jpg,1,mel
mel00150.jpg,1,mel
mel01726.jpg,1,mel
mel00431.jpg,1,mel
mel01296.jpg,1,mel
mel00423.jpg,1,mel
mel00135.jpg,1,mel
mel00536.jpg,1,mel
mel00046.jpg,1,mel
mel01208.jpg,1,mel
mel01939.jpg,1,mel
mel02445.jpg,1,mel
mel00696.jpg,1,mel
mel01030.jpg,1,mel
mel01568.jpg,1,mel
mel01567.jpg,1,mel
mel02300.jpg,1,mel
mel01916.jpg,1,mel
mel00820.jpg,1,mel
mel02297.jpg,1,mel
mel01054.jpg,1,mel
mel00222.jpg,1,mel
mel02079.jpg,1,mel
mel00970.jpg,1,mel
mel02061.jpg,1,mel
mel00461.jpg,1,mel
mel02134.jpg,1,mel
mel00333.jpg,1,mel
mel00174.jpg,1,mel
mel00179.jpg,1,mel
mel01915.jpg,1,mel
mel00558.jpg,1,mel
mel02401.jpg,1,mel
mel02395.jpg,1,mel
mel01743.jpg,1,mel
mel00153.jpg,1,mel
mel01090.jpg,1,mel
mel00322.jpg,1,mel
mel02204.jpg,1,mel
mel01663.jpg,1,mel
mel00355.jpg,1,mel
mel00773.jpg,1,mel
mel00258.jpg,1,mel
mel01843.jpg,1,mel
mel01221.jpg,1,mel
mel00366.jpg,1,mel
mel02534.jpg,1,mel
mel00255.jpg,1,mel
mel00544.jpg,1,mel
mel00766.jpg,1,mel
mel01564.jpg,1,mel
mel00169.jpg,1,mel
mel01242.jpg,1,mel
mel02291.jpg,1,mel
mel02045.jpg,1,mel
mel00652.jpg,1,mel
mel00136.jpg,1,mel
mel01252.jpg,1,mel
mel02469.jpg,1,mel
mel01732.jpg,1,mel
mel01613.jpg,1,mel
mel00720.jpg,1,mel
mel00706.jpg,1,mel
mel00464.jpg,1,mel
mel00863.jpg,1,mel
mel01745.jpg,1,mel
mel02289.jpg,1,mel
mel00211.jpg,1,mel
mel01835.jpg,1,mel
mel01717.jpg,1,mel
mel00319.jpg,1,mel
mel01867.jpg,1,mel
mel01592.jpg,1,mel
mel02146.jpg,1,mel
mel01363.jpg,1,mel
mel00701.jpg,1,mel
mel01927.jpg,1,mel
mel00890.jpg,1,mel
mel01287.jpg,1,mel
mel01603.jpg,1,mel
mel02044.jpg,1,mel
mel02397.jpg,1,mel
mel02627.jpg,1,mel
mel02710.jpg,1,mel
mel00966.jpg,1,mel
mel02186.jpg,1,mel
mel00200.jpg,1,mel
mel01045.jpg,1,mel
mel00882.jpg,1,mel
mel00290.jpg,1,mel
mel00247.jpg,1,mel
mel02162.jpg,1,mel
mel01335.jpg,1,mel
mel02678.jpg,1,mel
mel01275.jpg,1,mel
mel00533.jpg,1,mel
mel02197.jpg,1,mel
mel02370.jpg,1,mel
mel01847.jpg,1,mel
mel02373.jpg,1,mel
mel01990.jpg,1,mel
mel02713.jpg,1,mel
mel02114.jpg,1,mel
mel00842.jpg,1,mel
mel02342.jpg,1,mel
mel01668.jpg,1,mel
mel01136.jpg,1,mel
mel00105.jpg,1,mel
mel02500.jpg,1,mel
mel00458.jpg,1,mel
mel00680.jpg,1,mel
mel00499.jpg,1,mel
mel01274.jpg,1,mel
mel01928.jpg,1,mel
mel00227.jpg,1,mel
mel00232.jpg,1,mel
mel02330.jpg,1,mel
mel01469.jpg,1,mel
mel00112.jpg,1,mel
mel00052.jpg,1,mel
mel01848.jpg,1,mel
mel02665.jpg,1,mel
mel01710.jpg,1,mel
mel02625.jpg,1,mel
mel02481.jpg,1,mel
mel01339.jpg,1,mel
mel00388.jpg,1,mel
mel02366.jpg,1,mel
mel01318.jpg,1,mel
mel00463.jpg,1,mel
mel00496.jpg,1,mel
mel01072.jpg,1,mel
mel02577.jpg,1,mel
mel02412.jpg,1,mel
mel01299.jpg,1,mel
mel02512.jpg,1,mel
mel00213.jpg,1,mel
mel01823.jpg,1,mel
mel01588.jpg,1,mel
mel01948.jpg,1,mel
mel02056.jpg,1,mel
mel00408.jpg,1,mel
mel00444.jpg,1,mel
mel00566.jpg,1,mel
mel02247.jpg,1,mel
mel00219.jpg,1,mel
mel01859.jpg,1,mel
mel02454.jpg,1,mel
mel01002.jpg,1,mel
mel02700.jpg,1,mel
mel02590.jpg,1,mel
mel01196.jpg,1,mel
mel00437.jpg,1,mel
mel02393.jpg,1,mel
mel00486.jpg,1,mel
mel00555.jpg,1,mel
mel01229.jpg,1,mel
mel01656.jpg,1,mel
mel02175.jpg,1,mel
mel02514.jpg,1,mel
mel01898.jpg,1,mel
mel00980.jpg,1,mel
mel01150.jpg,1,mel
mel02687.jpg,1,mel
mel00694.jpg,1,mel
mel00782.jpg,1,mel
mel02632.jpg,1,mel
mel01563.jpg,1,mel
mel02176.jpg,1,mel
mel00273.jpg,1,mel
mel01188.jpg,1,mel
mel00103.jpg,1,mel
mel02506.jpg,1,mel
mel00260.jpg,1,mel
mel00097.jpg,1,mel
mel00252.jpg,1,mel
mel02581.jpg,1,mel
mel02163.jpg,1,mel
mel01230.jpg,1,mel
mel01115.jpg,1,mel
mel02177.jpg,1,mel
mel01399.jpg,1,mel
mel02354.jpg,1,mel
mel02085.jpg,1,mel
mel02461.jpg,1,mel
mel02595.jpg,1,mel
mel02098.jpg,1,mel
mel01976.jpg,1,mel
mel00472.jpg,1,mel
mel00788.jpg,1,mel
mel01423.jpg,1,mel
mel01981.jpg,1,mel
mel01260.jpg,1,mel
mel02188.jpg,1,mel
mel01577.jpg,1,mel
mel02022.jpg,1,mel
mel02298.jpg,1,mel
mel02304.jpg,1,mel
mel01815.jpg,1,mel
mel01933.jpg,1,mel
mel02210.jpg,1,mel
mel02216.jpg,1,mel
mel00686.jpg,1,mel
mel01076.jpg,1,mel
mel00568.jpg,1,mel
mel00451.jpg,1,mel
mel02027.jpg,1,mel
mel00611.jpg,1,mel
mel01037.jpg,1,mel
mel01508.jpg,1,mel
mel00031.jpg,1,mel
mel02105.jpg,1,mel
mel01345.jpg,1,mel
mel01608.jpg,1,mel
mel01570.jpg,1,mel
mel01905.jpg,1,mel
mel00880.jpg,1,mel
mel01855.jpg,1,mel
mel00068.jpg,1,mel
mel01746.jpg,1,mel
mel01873.jpg,1,mel
mel00522.jpg,1,mel
mel02620.jpg,1,mel
mel00859.jpg,1,mel
mel00962.jpg,1,mel
mel01515.jpg,1,mel
mel01095.jpg,1,mel
mel00573.jpg,1,mel
mel02115.jpg,1,mel
mel00810.jpg,1,mel
mel02697.jpg,1,mel
mel00238.jpg,1,mel
mel00465.jpg,1,mel
mel00487.jpg,1,mel
mel00110.jpg,1,mel
mel02235.jpg,1,mel
mel01785.jpg,1,mel
mel01704.jpg,1,mel
mel00164.jpg,1,mel
mel01729.jpg,1,mel
mel00310.jpg,1,mel
mel00253.jpg,1,mel
mel02034.jpg,1,mel
mel01282.jpg,1,mel
mel01377.jpg,1,mel
mel01695.jpg,1,mel
mel02128.jpg,1,mel
mel01623.jpg,1,mel
mel00802.jpg,1,mel
mel00930.jpg,1,mel
mel01499.jpg,1,mel
mel01930.jpg,1,mel
mel02182.jpg,1,mel
mel01621.jpg,1,mel
mel01237.jpg,1,mel
mel01722.jpg,1,mel
mel02168.jpg,1,mel
mel02273.jpg,1,mel
mel00870.jpg,1,mel
mel01616.jpg,1,mel
mel00436.jpg,1,mel
mel01024.jpg,1,mel
mel00677.jpg,1,mel
mel02030.jpg,1,mel
mel02169.jpg,1,mel
mel00462.jpg,1,mel
mel01457.jpg,1,mel
mel02406.jpg,1,mel
mel00799.jpg,1,mel
mel00158.jpg,1,mel
mel00663.jpg,1,mel
mel01812.jpg,1,mel
mel02622.jpg,1,mel
mel01079.jpg,1,mel
mel01378.jpg,1,mel
mel00621.jpg,1,mel
scc00291.jpg,1,scc
scc00358.jpg,1,scc
scc00262.jpg,1,scc
scc00158.jpg,1,scc
scc00146.jpg,1,scc
scc00091.jpg,1,scc
scc00133.jpg,1,scc
scc00058.jpg,1,scc
scc00077.jpg,1,scc
scc00364.jpg,1,scc
scc00226.jpg,1,scc
scc00337.jpg,1,scc
scc00034.jpg,1,scc
scc00365.jpg,1,scc
scc00289.jpg,1,scc
scc00234.jpg,1,scc
scc00326.jpg,1,scc
scc00111.jpg,1,scc
scc00211.jpg,1,scc
scc00233.jpg,1,scc
scc00016.jpg,1,scc
scc00140.jpg,1,scc
scc00125.jpg,1,scc
scc00001.jpg,1,scc
scc00074.jpg,1,scc
scc00085.jpg,1,scc
scc00026.jpg,1,scc
scc00355.jpg,1,scc
scc00010.jpg,1,scc
scc00354.jpg,1,scc
scc00247.jpg,1,scc
scc00159.jpg,1,scc
scc00079.jpg,1,scc
scc00043.jpg,1,scc
scc00318.jpg,1,scc
scc00040.jpg,1,scc
scc00047.jpg,1,scc
scc00109.jpg,1,scc
scc00102.jpg,1,scc
scc00299.jpg,1,scc
scc00245.jpg,1,scc
scc00023.jpg,1,scc
scc00204.jpg,1,scc
scc00235.jpg,1,scc
scc00083.jpg,1,scc
scc00339.jpg,1,scc
scc00031.jpg,1,scc
scc00056.jpg,1,scc
scc00057.jpg,1,scc
scc00114.jpg,1,scc
scc00184.jpg,1,scc
scc00095.jpg,1,scc
scc00350.jpg,1,scc
scc00006.jpg,1,scc
scc00230.jpg,1,scc
scc00046.jpg,1,scc
scc00239.jpg,1,scc
scc00203.jpg,1,scc
scc00359.jpg,1,scc
scc00246.jpg,1,scc
scc00223.jpg,1,scc
scc00347.jpg,1,scc
scc00168.jpg,1,scc
scc00004.jpg,1,scc
scc00368.jpg,1,scc
scc00182.jpg,1,scc
scc00149.jpg,1,scc
scc00064.jpg,1,scc
scc00224.jpg,1,scc
scc00078.jpg,1,scc
scc00286.jpg,1,scc
scc00073.jpg,1,scc
scc00212.jpg,1,scc
scc00341.jpg,1,scc
scc00156.jpg,1,scc
scc00199.jpg,1,scc
scc00110.jpg,1,scc
scc00220.jpg,1,scc
scc00351.jpg,1,scc
scc00196.jpg,1,scc
scc00076.jpg,1,scc
scc00315.jpg,1,scc
scc00305.jpg,1,scc
scc00017.jpg,1,scc
scc00067.jpg,1,scc
scc00308.jpg,1,scc
scc00008.jpg,1,scc
scc00195.jpg,1,scc
scc00210.jpg,1,scc
scc00333.jpg,1,scc
scc00327.jpg,1,scc
scc00094.jpg,1,scc
scc00366.jpg,1,scc
scc00115.jpg,1,scc
scc00279.jpg,1,scc
scc00061.jpg,1,scc
scc00120.jpg,1,scc
scc00267.jpg,1,scc
scc00353.jpg,1,scc
scc00243.jpg,1,scc
scc00250.jpg,1,scc
scc00018.jpg,1,scc
scc00154.jpg,1,scc
scc00025.jpg,1,scc
scc00373.jpg,1,scc
scc00332.jpg,1,scc
scc00127.jpg,1,scc
scc00221.jpg,1,scc
scc00142.jpg,1,scc
scc00164.jpg,1,scc
scc00238.jpg,1,scc
scc00372.jpg,1,scc
scc00281.jpg,1,scc
scc00117.jpg,1,scc
scc00330.jpg,1,scc
scc00176.jpg,1,scc
scc00282.jpg,1,scc
scc00020.jpg,1,scc
scc00153.jpg,1,scc
scc00080.jpg,1,scc
scc00240.jpg,1,scc
scc00019.jpg,1,scc
scc00138.jpg,1,scc
scc00105.jpg,1,scc
scc00288.jpg,1,scc
scc00119.jpg,1,scc
scc00166.jpg,1,scc
scc00032.jpg,1,scc
scc00037.jpg,1,scc
scc00273.jpg,1,scc
scc00141.jpg,1,scc
scc00178.jpg,1,scc
scc00254.jpg,1,scc
scc00060.jpg,1,scc
scc00112.jpg,1,scc
scc00363.jpg,1,scc
scc00007.jpg,1,scc
scc00335.jpg,1,scc
scc00263.jpg,1,scc
scc00011.jpg,1,scc
scc00174.jpg,1,scc
scc00104.jpg,1,scc
scc00082.jpg,1,scc
scc00371.jpg,1,scc
scc00295.jpg,1,scc
scc00293.jpg,1,scc
scc00193.jpg,1,scc
scc00197.jpg,1,scc
scc00338.jpg,1,scc
scc00090.jpg,1,scc
scc00173.jpg,1,scc
scc00148.jpg,1,scc
scc00259.jpg,1,scc
scc00093.jpg,1,scc
scc00070.jpg,1,scc
scc00256.jpg,1,scc
scc00097.jpg,1,scc
scc00144.jpg,1,scc
scc00284.jpg,1,scc
scc00098.jpg,1,scc
scc00209.jpg,1,scc
scc00069.jpg,1,scc
scc00024.jpg,1,scc
scc00038.jpg,1,scc
scc00145.jpg,1,scc
scc00123.jpg,1,scc
scc00068.jpg,1,scc
scc00169.jpg,1,scc
scc00194.jpg,1,scc
scc00297.jpg,1,scc
scc00177.jpg,1,scc
scc00126.jpg,1,scc
scc00147.jpg,1,scc
scc00275.jpg,1,scc
scc00087.jpg,1,scc
scc00328.jpg,1,scc
scc00266.jpg,1,scc
scc00317.jpg,1,scc
scc00181.jpg,1,scc
scc00283.jpg,1,scc
scc00183.jpg,1,scc
scc00325.jpg,1,scc
scc00312.jpg,1,scc
scc00322.jpg,1,scc
scc00130.jpg,1,scc
scc00039.jpg,1,scc
scc00012.jpg,1,scc
scc00249.jpg,1,scc
scc00186.jpg,1,scc
scc00276.jpg,1,scc
scc00113.jpg,1,scc
scc00180.jpg,1,scc
scc00248.jpg,1,scc
scc00375.jpg,1,scc
scc00118.jpg,1,scc
scc00346.jpg,1,scc
scc00362.jpg,1,scc
scc00269.jpg,1,scc
scc00340.jpg,1,scc
scc00165.jpg,1,scc
scc00228.jpg,1,scc
scc00137.jpg,1,scc
scc00155.jpg,1,scc
scc00200.jpg,1,scc
scc00198.jpg,1,scc
scc00369.jpg,1,scc
scc00003.jpg,1,scc
scc00352.jpg,1,scc
scc00116.jpg,1,scc
scc00300.jpg,1,scc
scc00306.jpg,1,scc
scc00027.jpg,1,scc
scc00121.jpg,1,scc
scc00287.jpg,1,scc
scc00219.jpg,1,scc
scc00323.jpg,1,scc
scc00128.jpg,1,scc
scc00075.jpg,1,scc
scc00302.jpg,1,scc
scc00030.jpg,1,scc
scc00084.jpg,1,scc
scc00313.jpg,1,scc
scc00108.jpg,1,scc
scc00225.jpg,1,scc
scc00232.jpg,1,scc
scc00134.jpg,1,scc
scc00185.jpg,1,scc
scc00272.jpg,1,scc
scc00045.jpg,1,scc
scc00348.jpg,1,scc
scc00066.jpg,1,scc
scc00278.jpg,1,scc
scc00086.jpg,1,scc
scc00187.jpg,1,scc
scc00071.jpg,1,scc
scc00160.jpg,1,scc
scc00013.jpg,1,scc
scc00036.jpg,1,scc
scc00029.jpg,1,scc
scc00171.jpg,1,scc
scc00143.jpg,1,scc
scc00298.jpg,1,scc
scc00251.jpg,1,scc
scc00151.jpg,1,scc
scc00229.jpg,1,scc
scc00222.jpg,1,scc
scc00132.jpg,1,scc
scc00356.jpg,1,scc
scc00052.jpg,1,scc
scc00241.jpg,1,scc
scc00301.jpg,1,scc
scc00096.jpg,1,scc
scc00285.jpg,1,scc
scc00179.jpg,1,scc
scc00205.jpg,1,scc
scc00124.jpg,1,scc
scc00042.jpg,1,scc
scc00290.jpg,1,scc
scc00207.jpg,1,scc
scc00255.jpg,1,scc
scc00311.jpg,1,scc
scc00005.jpg,1,scc
scc00257.jpg,1,scc
scc00336.jpg,1,scc
scc00101.jpg,1,scc
scc00227.jpg,1,scc
scc00321.jpg,1,scc
scc00214.jpg,1,scc
scc00172.jpg,1,scc
scc00099.jpg,1,scc
scc00216.jpg,1,scc
scc00062.jpg,1,scc
scc00048.jpg,1,scc
scc00033.jpg,1,scc
scc00268.jpg,1,scc
scc00201.jpg,1,scc
scc00334.jpg,1,scc
scc00028.jpg,1,scc
scc00292.jpg,1,scc
scc00231.jpg,1,scc
scc00261.jpg,1,scc
scc00163.jpg,1,scc
scc00319.jpg,1,scc
scc00139.jpg,1,scc
scc00063.jpg,1,scc
scc00136.jpg,1,scc
scc00129.jpg,1,scc
scc00009.jpg,1,scc
scc00065.jpg,1,scc
scc00015.jpg,1,scc
scc00157.jpg,1,scc
scc00041.jpg,1,scc
scc00357.jpg,1,scc
scc00303.jpg,1,scc
scc00217.jpg,1,scc
scc00280.jpg,1,scc
scc00324.jpg,1,scc
scc00237.jpg,1,scc
scc00208.jpg,1,scc
scc00213.jpg,1,scc
scc00296.jpg,1,scc
scc00342.jpg,1,scc
scc00252.jpg,1,scc
scc00367.jpg,1,scc
scc00343.jpg,1,scc
scc00304.jpg,1,scc
scc00270.jpg,1,scc
scc00202.jpg,1,scc
scc00162.jpg,1,scc
scc00044.jpg,1,scc
scc00218.jpg,1,scc
scc00191.jpg,1,scc
scc00310.jpg,1,scc
scc00260.jpg,1,scc
scc00106.jpg,1,scc
scc00054.jpg,1,scc
scc00002.jpg,1,scc
scc00050.jpg,1,scc
scc00081.jpg,1,scc
scc00206.jpg,1,scc
scc00035.jpg,1,scc
scc00264.jpg,1,scc
scc00092.jpg,1,scc
scc00053.jpg,1,scc
scc00265.jpg,1,scc
scc00242.jpg,1,scc
scc00014.jpg,1,scc
scc00316.jpg,1,scc
scc00089.jpg,1,scc
scc00274.jpg,1,scc
scc00167.jpg,1,scc
scc00329.jpg,1,scc
scc00370.jpg,1,scc
scc00135.jpg,1,scc
scc00307.jpg,1,scc
scc00361.jpg,1,scc
scc00320.jpg,1,scc
scc00244.jpg,1,scc
scc00055.jpg,1,scc
scc00051.jpg,1,scc
scc00175.jpg,1,scc
scc00190.jpg,1,scc
scc00374.jpg,1,scc
scc00188.jpg,1,scc
scc00170.jpg,1,scc
scc00059.jpg,1,scc
scc00049.jpg,1,scc
scc00345.jpg,1,scc
scc00236.jpg,1,scc
scc00253.jpg,1,scc
scc00022.jpg,1,scc
scc00314.jpg,1,scc
scc00161.jpg,1,scc
scc00277.jpg,1,scc
scc00192.jpg,1,scc
scc00294.jpg,1,scc
scc00344.jpg,1,scc
scc00258.jpg,1,scc
scc00309.jpg,1,scc
scc00150.jpg,1,scc
scc00131.jpg,1,scc
scc00152.jpg,1,scc
scc00360.jpg,1,scc
scc00100.jpg,1,scc
scc00088.jpg,1,scc
scc00331.jpg,1,scc
scc00215.jpg,1,scc
scc00122.jpg,1,scc
scc00376.jpg,1,scc
scc00021.jpg,1,scc
scc00189.jpg,1,scc
scc00072.jpg,1,scc
scc00107.jpg,1,scc
scc00271.jpg,1,scc
scc00349.jpg,1,scc
scc00103.jpg,1,scc
def00118.jpg,1,def
def00020.jpg,1,def
def00083.jpg,1,def
def00098.jpg,1,def
def00057.jpg,1,def
def00013.jpg,1,def
def00132.jpg,1,def
def00066.jpg,1,def
def00067.jpg,1,def
def00019.jpg,1,def
def00052.jpg,1,def
def00079.jpg,1,def
def00095.jpg,1,def
def00133.jpg,1,def
def00101.jpg,1,def
def00065.jpg,1,def
def00028.jpg,1,def
def00070.jpg,1,def
def00126.jpg,1,def
def00074.jpg,1,def
def00012.jpg,1,def
def00120.jpg,1,def
def00111.jpg,1,def
def00114.jpg,1,def
def00056.jpg,1,def
def00046.jpg,1,def
def00010.jpg,1,def
def00005.jpg,1,def
def00027.jpg,1,def
def00125.jpg,1,def
def00032.jpg,1,def
def00099.jpg,1,def
def00037.jpg,1,def
def00017.jpg,1,def
def00011.jpg,1,def
def00094.jpg,1,def
def00112.jpg,1,def
def00043.jpg,1,def
def00119.jpg,1,def
def00128.jpg,1,def
def00097.jpg,1,def
def00061.jpg,1,def
def00001.jpg,1,def
def00085.jpg,1,def
def00029.jpg,1,def
def00041.jpg,1,def
def00087.jpg,1,def
def00025.jpg,1,def
def00026.jpg,1,def
def00024.jpg,1,def
def00116.jpg,1,def
def00068.jpg,1,def
def00045.jpg,1,def
def00016.jpg,1,def
def00096.jpg,1,def
def00040.jpg,1,def
def00023.jpg,1,def
def00069.jpg,1,def
def00081.jpg,1,def
def00140.jpg,1,def
def00048.jpg,1,def
def00031.jpg,1,def
def00113.jpg,1,def
def00077.jpg,1,def
def00137.jpg,1,def
def00034.jpg,1,def
def00082.jpg,1,def
def00142.jpg,1,def
def00063.jpg,1,def
def00139.jpg,1,def
def00135.jpg,1,def
def00054.jpg,1,def
def00006.jpg,1,def
def00086.jpg,1,def
def00110.jpg,1,def
def00050.jpg,1,def
def00036.jpg,1,def
def00078.jpg,1,def
def00035.jpg,1,def
def00131.jpg,1,def
def00008.jpg,1,def
def00044.jpg,1,def
def00071.jpg,1,def
def00090.jpg,1,def
def00084.jpg,1,def
def00124.jpg,1,def
def00130.jpg,1,def
def00009.jpg,1,def
def00014.jpg,1,def
def00109.jpg,1,def
def00115.jpg,1,def
def00004.jpg,1,def
def00018.jpg,1,def
def00039.jpg,1,def
def00073.jpg,1,def
def00121.jpg,1,def
def00007.jpg,1,def
def00102.jpg,1,def
def00003.jpg,1,def
def00123.jpg,1,def
def00055.jpg,1,def
def00051.jpg,1,def
def00105.jpg,1,def
def00047.jpg,1,def
def00106.jpg,1,def
def00062.jpg,1,def
def00141.jpg,1,def
def00080.jpg,1,def
def00136.jpg,1,def
def00092.jpg,1,def
def00042.jpg,1,def
def00059.jpg,1,def
def00091.jpg,1,def
def00049.jpg,1,def
def00089.jpg,1,def
def00127.jpg,1,def
def00022.jpg,1,def
def00058.jpg,1,def
def00076.jpg,1,def
def00033.jpg,1,def
def00138.jpg,1,def
def00060.jpg,1,def
def00064.jpg,1,def
def00129.jpg,1,def
def00038.jpg,1,def
def00030.jpg,1,def
def00108.jpg,1,def
def00134.jpg,1,def
def00002.jpg,1,def
def00053.jpg,1,def
def00104.jpg,1,def
def00100.jpg,1,def
def00117.jpg,1,def
def00088.jpg,1,def
def00075.jpg,1,def
def00122.jpg,1,def
def00143.jpg,1,def
def00021.jpg,1,def
def00072.jpg,1,def
def00107.jpg,1,def
def00015.jpg,1,def
def00093.jpg,1,def
def00103.jpg,1,def
vac00077.jpg,1,vac
vac00019.jpg,1,vac
vac00083.jpg,1,vac
vac00082.jpg,1,vac
vac00144.jpg,1,vac
vac00032.jpg,1,vac
vac00079.jpg,1,vac
vac00065.jpg,1,vac
vac00056.jpg,1,vac
vac00086.jpg,1,vac
vac00046.jpg,1,vac
vac00013.jpg,1,vac
vac00037.jpg,1,vac
vac00010.jpg,1,vac
vac00020.jpg,1,vac
vac00138.jpg,1,vac
vac00115.jpg,1,vac
vac00147.jpg,1,vac
vac00057.jpg,1,vac
vac00134.jpg,1,vac
vac00030.jpg,1,vac
vac00085.jpg,1,vac
vac00027.jpg,1,vac
vac00133.jpg,1,vac
vac00125.jpg,1,vac
vac00143.jpg,1,vac
vac00112.jpg,1,vac
vac00068.jpg,1,vac
vac00099.jpg,1,vac
vac00031.jpg,1,vac
vac00023.jpg,1,vac
vac00016.jpg,1,vac
vac00126.jpg,1,vac
vac00012.jpg,1,vac
vac00128.jpg,1,vac
vac00052.jpg,1,vac
vac00067.jpg,1,vac
vac00028.jpg,1,vac
vac00106.jpg,1,vac
vac00005.jpg,1,vac
vac00033.jpg,1,vac
vac00043.jpg,1,vac
vac00145.jpg,1,vac
vac00150.jpg,1,vac
vac00017.jpg,1,vac
vac00011.jpg,1,vac
vac00110.jpg,1,vac
vac00127.jpg,1,vac
vac00076.jpg,1,vac
vac00114.jpg,1,vac
vac00066.jpg,1,vac
vac00140.jpg,1,vac
vac00109.jpg,1,vac
vac00113.jpg,1,vac
vac00001.jpg,1,vac
vac00061.jpg,1,vac
vac00070.jpg,1,vac
vac00029.jpg,1,vac
vac00041.jpg,1,vac
vac00045.jpg,1,vac
vac00069.jpg,1,vac
vac00135.jpg,1,vac
vac00094.jpg,1,vac
vac00025.jpg,1,vac
vac00026.jpg,1,vac
vac00024.jpg,1,vac
vac00098.jpg,1,vac
vac00040.jpg,1,vac
vac00148.jpg,1,vac
vac00121.jpg,1,vac
vac00048.jpg,1,vac
vac00111.jpg,1,vac
vac00141.jpg,1,vac
vac00074.jpg,1,vac
vac00034.jpg,1,vac
vac00095.jpg,1,vac
vac00105.jpg,1,vac
vac00063.jpg,1,vac
vac00087.jpg,1,vac
vac00096.jpg,1,vac
vac00054.jpg,1,vac
vac00006.jpg,1,vac
vac00097.jpg,1,vac
vac00139.jpg,1,vac
vac00050.jpg,1,vac
vac00036.jpg,1,vac
vac00081.jpg,1,vac
vac00078.jpg,1,vac
vac00035.jpg,1,vac
vac00118.jpg,1,vac
vac00008.jpg,1,vac
vac00044.jpg,1,vac
vac00071.jpg,1,vac
vac00102.jpg,1,vac
vac00124.jpg,1,vac
vac00084.jpg,1,vac
vac00136.jpg,1,vac
vac00137.jpg,1,vac
vac00090.jpg,1,vac
vac00009.jpg,1,vac
vac00014.jpg,1,vac
vac00123.jpg,1,vac
vac00129.jpg,1,vac
vac00004.jpg,1,vac
vac00018.jpg,1,vac
vac00039.jpg,1,vac
vac00073.jpg,1,vac
vac00132.jpg,1,vac
vac00007.jpg,1,vac
vac00116.jpg,1,vac
vac00101.jpg,1,vac
vac00003.jpg,1,vac
vac00064.jpg,1,vac
vac00055.jpg,1,vac
vac00108.jpg,1,vac
vac00051.jpg,1,vac
vac00119.jpg,1,vac
vac00047.jpg,1,vac
vac00120.jpg,1,vac
vac00062.jpg,1,vac
vac00149.jpg,1,vac
vac00080.jpg,1,vac
vac00060.jpg,1,vac
vac00092.jpg,1,vac
vac00042.jpg,1,vac
vac00059.jpg,1,vac
vac00091.jpg,1,vac
vac00049.jpg,1,vac
vac00089.jpg,1,vac
vac00022.jpg,1,vac
vac00058.jpg,1,vac
vac00146.jpg,1,vac
vac00130.jpg,1,vac
vac00038.jpg,1,vac
vac00142.jpg,1,vac
vac00002.jpg,1,vac
vac00053.jpg,1,vac
vac00131.jpg,1,vac
vac00104.jpg,1,vac
vac00100.jpg,1,vac
vac00117.jpg,1,vac
vac00088.jpg,1,vac
vac00075.jpg,1,vac
vac00122.jpg,1,vac
vac00151.jpg,1,vac
vac00021.jpg,1,vac
vac00072.jpg,1,vac
vac00107.jpg,1,vac
vac00015.jpg,1,vac
vac00093.jpg,1,vac
vac00103.jpg,1,vac
